year,tract,pathogen_id,pathogen,baseline_pct,year_multiplier,lower_modifier,units,total_units,share_pct,illnesses_per_unit,est_illnesses,units_formula,multiplier_source,baseline_source
2015,upper,rhino,Rhinovirus / enterovirus,40.0,1.0,1.0,40.0000,95.0064,42.10,3382222,135288889,40 x 1.00 = 40.000,"CDC NREVSS national trend, read by the author (not an exact ratio); EV-D68 years 2018/2022/2024 raised","Author-set from Heikkinen & Jarvinen 2003 (colds), Kaur 2017 (otitis media), Centor 2015 (pharyngitis)"
2015,upper,fluA,Influenza A,6.401,0.612,,3.9175,95.0064,4.12,3382222,13250000,6.40 x (13.25M / 21.65M) = 3.918,"CDC flu burden by season, apportioned to calendar years; A/B split from FluView",
2015,upper,fluB,Influenza B,2.599,0.5859,,1.5227,95.0064,1.60,3382222,5150000,2.60 x (5.15M / 8.79M) = 1.523,"CDC flu burden by season, apportioned to calendar years; A/B split from FluView",
2015,upper,sars2,SARS-CoV-2,,,,0.0000,95.0064,0.00,3382222,0,0.0M x (9 / 30.44M) = 0.000,"CDC COVID-19 burden estimates and JAMA Intern Med 2026, apportioned to calendar years",
2015,upper,rsv,RSV,5.0,0.95,1.0,4.7500,95.0064,5.00,3382222,16065556,5 x 0.95 = 4.750,"CDC NREVSS national trend, read by the author (not an exact ratio); 2021 off-season and 2022 early surges","Author-set from Heikkinen & Jarvinen 2003 (colds), Kaur 2017 (otitis media), Centor 2015 (pharyngitis)"
2015,upper,hmpv,Human metapneumovirus,3.0,1.0,1.0,3.0000,95.0064,3.16,3382222,10146667,3 x 1.00 = 3.000,"CDC NREVSS national trend, read by the author (not an exact ratio); large 2023 spring season","Author-set from Heikkinen & Jarvinen 2003 (colds), Kaur 2017 (otitis media), Centor 2015 (pharyngitis)"
2015,upper,piv,Parainfluenza viruses,5.0,1.05,1.0,5.2500,95.0064,5.53,3382222,17756667,5 x 1.05 = 5.250,"CDC NREVSS national trend, read by the author (not an exact ratio)","Author-set from Heikkinen & Jarvinen 2003 (colds), Kaur 2017 (otitis media), Centor 2015 (pharyngitis)"
2015,upper,adeno,Adenovirus,5.0,1.0,1.0,5.0000,95.0064,5.26,3382222,16911111,5 x 1.00 = 5.000,"CDC NREVSS national trend, read by the author (not an exact ratio)","Author-set from Heikkinen & Jarvinen 2003 (colds), Kaur 2017 (otitis media), Centor 2015 (pharyngitis)"
2015,upper,hcov,Seasonal coronaviruses,11.0,1.0,1.0,11.0000,95.0064,11.58,3382222,37204444,11 x 1.00 = 11.000,"CDC NREVSS national trend, read by the author (not an exact ratio)","Author-set from Heikkinen & Jarvinen 2003 (colds), Kaur 2017 (otitis media), Centor 2015 (pharyngitis)"
2015,upper,spn,Streptococcus pneumoniae,3.5,1.04,1.0,3.6400,95.0064,3.83,3382222,12311289,3.5 x 1.04 = 3.640,Author estimate from CDC ABCs pneumococcal trends; PCV15/20/21 slow decline,"Author-set from Heikkinen & Jarvinen 2003 (colds), Kaur 2017 (otitis media), Centor 2015 (pharyngitis)"
2015,upper,gas,Streptococcus pyogenes,6.5,0.95,1.0,6.1750,95.0064,6.50,3382222,20885222,6.5 x 0.95 = 6.175,Author estimate from CDC ABCs group A strep trends; 2022-23 surge,"Author-set from Heikkinen & Jarvinen 2003 (colds), Kaur 2017 (otitis media), Centor 2015 (pharyngitis)"
2015,upper,hflu,Haemophilus influenzae,4.5,1.0,1.0,4.5000,95.0064,4.74,3382222,15220000,4.5 x 1.00 = 4.500,"Author estimate: typical-year 1.0, with a 2020-21 pandemic dip","Author-set from Heikkinen & Jarvinen 2003 (colds), Kaur 2017 (otitis media), Centor 2015 (pharyngitis)"
2015,upper,mcat,Moraxella catarrhalis,2.0,1.0,1.0,2.0000,95.0064,2.10,3382222,6764444,2 x 1.00 = 2.000,"Author estimate: typical-year 1.0, with a 2020-21 pandemic dip","Author-set from Heikkinen & Jarvinen 2003 (colds), Kaur 2017 (otitis media), Centor 2015 (pharyngitis)"
2015,upper,mpn,Mycoplasma pneumoniae,1.2,1.0,1.0,1.2000,95.0064,1.26,3382222,4058667,1.2 x 1.00 = 1.200,"Author estimate; 2024 = 2.6 from MMWR 2025 (pediatric CAP 12.5 vs 2.1 per 1,000)","Author-set from Heikkinen & Jarvinen 2003 (colds), Kaur 2017 (otitis media), Centor 2015 (pharyngitis)"
2015,upper,cpn,Chlamydia pneumoniae,0.5,1.0,1.0,0.5000,95.0064,0.53,3382222,1691111,0.5 x 1.00 = 0.500,Author estimate tracking the Mycoplasma pattern,"Author-set from Heikkinen & Jarvinen 2003 (colds), Kaur 2017 (otitis media), Centor 2015 (pharyngitis)"
2015,upper,bper,Bordetella pertussis,0.4,1.13,1.0,0.4520,95.0064,0.48,3382222,1528764,0.4 x 1.13 = 0.452,"NNDSS pertussis cases / 18,386 (2015-19 mean); 2024 ~35,400, 2025 28,783; 2026 assumed","Author-set from Heikkinen & Jarvinen 2003 (colds), Kaur 2017 (otitis media), Centor 2015 (pharyngitis)"
2015,upper,leg,Legionella spp.,0.05,0.78,1.0,0.0390,95.0064,0.04,3382222,131907,0.05 x 0.78 = 0.039,NNDSS legionellosis cases (approximate) / 2015-19 mean,"Author-set from Heikkinen & Jarvinen 2003 (colds), Kaur 2017 (otitis media), Centor 2015 (pharyngitis)"
2015,upper,sau,Staphylococcus aureus,0.3,1.0,1.0,0.3000,95.0064,0.32,3382222,1014667,0.3 x 1.00 = 0.300,"Author estimate: typical-year 1.0, with a 2020-21 pandemic dip","Author-set from Heikkinen & Jarvinen 2003 (colds), Kaur 2017 (otitis media), Centor 2015 (pharyngitis)"
2015,upper,gnb,Gram-negative bacilli,0.1,1.0,1.0,0.1000,95.0064,0.11,3382222,338222,0.1 x 1.00 = 0.100,"Author estimate: typical-year 1.0, with a 2020-21 pandemic dip","Author-set from Heikkinen & Jarvinen 2003 (colds), Kaur 2017 (otitis media), Centor 2015 (pharyngitis)"
2015,upper,fnec,Fusobacterium necrophorum,0.8,1.0,1.0,0.8000,95.0064,0.84,3382222,2705778,0.8 x 1.00 = 0.800,"Author estimate: typical-year 1.0, with a 2020-21 pandemic dip","Author-set from Heikkinen & Jarvinen 2003 (colds), Kaur 2017 (otitis media), Centor 2015 (pharyngitis)"
2015,upper,gcs,Group C/G streptococci,0.8,1.0,1.0,0.8000,95.0064,0.84,3382222,2705778,0.8 x 1.00 = 0.800,"Author estimate: typical-year 1.0, with a 2020-21 pandemic dip","Author-set from Heikkinen & Jarvinen 2003 (colds), Kaur 2017 (otitis media), Centor 2015 (pharyngitis)"
2015,upper,mtb,Mycobacterium tuberculosis,0.005,1.04,1.0,0.0052,95.0064,0.01,3382222,17588,0.005 x 1.04 = 0.005,"NTSS TB cases / 9,173 (2015-19 mean); 2025 = 10,260","Author-set from Heikkinen & Jarvinen 2003 (colds), Kaur 2017 (otitis media), Centor 2015 (pharyngitis)"
2015,upper,cocci,Coccidioides spp.,0.0,0.8,1.0,0.0000,95.0064,0.00,3382222,0,0 x 0.80 = 0.000,NNDSS coccidioidomycosis cases (approximate) / 2015-19 mean,"Author-set from Heikkinen & Jarvinen 2003 (colds), Kaur 2017 (otitis media), Centor 2015 (pharyngitis)"
2015,upper,histo,Histoplasma capsulatum,0.0,1.0,1.0,0.0000,95.0064,0.00,3382222,0,0 x 1.00 = 0.000,Author estimate (flat),"Author-set from Heikkinen & Jarvinen 2003 (colds), Kaur 2017 (otitis media), Centor 2015 (pharyngitis)"
2015,upper,pjp,Pneumocystis jirovecii,0.0,1.1,1.0,0.0000,95.0064,0.00,3382222,0,0 x 1.10 = 0.000,Author estimate: slow decline with HIV treatment,"Author-set from Heikkinen & Jarvinen 2003 (colds), Kaur 2017 (otitis media), Centor 2015 (pharyngitis)"
2015,upper,asp,Aspergillus spp.,0.05,1.0,1.0,0.0500,95.0064,0.05,3382222,169111,0.05 x 1.00 = 0.050,Author estimate: COVID-associated aspergillosis 2020-22,"Author-set from Heikkinen & Jarvinen 2003 (colds), Kaur 2017 (otitis media), Centor 2015 (pharyngitis)"
2015,upper,blasto,Blastomyces spp.,0.0,1.0,1.0,0.0000,95.0064,0.00,3382222,0,0 x 1.00 = 0.000,Author estimate: 2023 Michigan outbreak,"Author-set from Heikkinen & Jarvinen 2003 (colds), Kaur 2017 (otitis media), Centor 2015 (pharyngitis)"
2015,upper,mucor,Mucorales,0.004,1.0,1.0,0.0040,95.0064,0.00,3382222,13529,0.004 x 1.00 = 0.004,Author estimate (flat),"Author-set from Heikkinen & Jarvinen 2003 (colds), Kaur 2017 (otitis media), Centor 2015 (pharyngitis)"
2015,upper,proto,Protozoa,0.001,1.0,1.0,0.0010,95.0064,0.00,3382222,3382,0.001 x 1.00 = 0.001,Author estimate (flat),"Author-set from Heikkinen & Jarvinen 2003 (colds), Kaur 2017 (otitis media), Centor 2015 (pharyngitis)"
2016,upper,rhino,Rhinovirus / enterovirus,40.0,1.0,1.0,40.0000,96.6321,41.39,3382222,135288889,40 x 1.00 = 40.000,"CDC NREVSS national trend, read by the author (not an exact ratio); EV-D68 years 2018/2022/2024 raised","Author-set from Heikkinen & Jarvinen 2003 (colds), Kaur 2017 (otitis media), Centor 2015 (pharyngitis)"
2016,upper,fluA,Influenza A,6.401,0.873,,5.5880,96.6321,5.78,3382222,18900000,6.40 x (18.90M / 21.65M) = 5.588,"CDC flu burden by season, apportioned to calendar years; A/B split from FluView",
2016,upper,fluB,Influenza B,2.599,0.8532,,2.2175,96.6321,2.30,3382222,7500000,2.60 x (7.50M / 8.79M) = 2.217,"CDC flu burden by season, apportioned to calendar years; A/B split from FluView",
2016,upper,sars2,SARS-CoV-2,,,,0.0000,96.6321,0.00,3382222,0,0.0M x (9 / 30.44M) = 0.000,"CDC COVID-19 burden estimates and JAMA Intern Med 2026, apportioned to calendar years",
2016,upper,rsv,RSV,5.0,1.0,1.0,5.0000,96.6321,5.17,3382222,16911111,5 x 1.00 = 5.000,"CDC NREVSS national trend, read by the author (not an exact ratio); 2021 off-season and 2022 early surges","Author-set from Heikkinen & Jarvinen 2003 (colds), Kaur 2017 (otitis media), Centor 2015 (pharyngitis)"
2016,upper,hmpv,Human metapneumovirus,3.0,1.0,1.0,3.0000,96.6321,3.11,3382222,10146667,3 x 1.00 = 3.000,"CDC NREVSS national trend, read by the author (not an exact ratio); large 2023 spring season","Author-set from Heikkinen & Jarvinen 2003 (colds), Kaur 2017 (otitis media), Centor 2015 (pharyngitis)"
2016,upper,piv,Parainfluenza viruses,5.0,0.95,1.0,4.7500,96.6321,4.92,3382222,16065556,5 x 0.95 = 4.750,"CDC NREVSS national trend, read by the author (not an exact ratio)","Author-set from Heikkinen & Jarvinen 2003 (colds), Kaur 2017 (otitis media), Centor 2015 (pharyngitis)"
2016,upper,adeno,Adenovirus,5.0,1.0,1.0,5.0000,96.6321,5.17,3382222,16911111,5 x 1.00 = 5.000,"CDC NREVSS national trend, read by the author (not an exact ratio)","Author-set from Heikkinen & Jarvinen 2003 (colds), Kaur 2017 (otitis media), Centor 2015 (pharyngitis)"
2016,upper,hcov,Seasonal coronaviruses,11.0,0.95,1.0,10.4500,96.6321,10.81,3382222,35344222,11 x 0.95 = 10.450,"CDC NREVSS national trend, read by the author (not an exact ratio)","Author-set from Heikkinen & Jarvinen 2003 (colds), Kaur 2017 (otitis media), Centor 2015 (pharyngitis)"
2016,upper,spn,Streptococcus pneumoniae,3.5,1.02,1.0,3.5700,96.6321,3.69,3382222,12074533,3.5 x 1.02 = 3.570,Author estimate from CDC ABCs pneumococcal trends; PCV15/20/21 slow decline,"Author-set from Heikkinen & Jarvinen 2003 (colds), Kaur 2017 (otitis media), Centor 2015 (pharyngitis)"
2016,upper,gas,Streptococcus pyogenes,6.5,0.97,1.0,6.3050,96.6321,6.53,3382222,21324911,6.5 x 0.97 = 6.305,Author estimate from CDC ABCs group A strep trends; 2022-23 surge,"Author-set from Heikkinen & Jarvinen 2003 (colds), Kaur 2017 (otitis media), Centor 2015 (pharyngitis)"
2016,upper,hflu,Haemophilus influenzae,4.5,1.0,1.0,4.5000,96.6321,4.66,3382222,15220000,4.5 x 1.00 = 4.500,"Author estimate: typical-year 1.0, with a 2020-21 pandemic dip","Author-set from Heikkinen & Jarvinen 2003 (colds), Kaur 2017 (otitis media), Centor 2015 (pharyngitis)"
2016,upper,mcat,Moraxella catarrhalis,2.0,1.0,1.0,2.0000,96.6321,2.07,3382222,6764444,2 x 1.00 = 2.000,"Author estimate: typical-year 1.0, with a 2020-21 pandemic dip","Author-set from Heikkinen & Jarvinen 2003 (colds), Kaur 2017 (otitis media), Centor 2015 (pharyngitis)"
2016,upper,mpn,Mycoplasma pneumoniae,1.2,1.05,1.0,1.2600,96.6321,1.30,3382222,4261600,1.2 x 1.05 = 1.260,"Author estimate; 2024 = 2.6 from MMWR 2025 (pediatric CAP 12.5 vs 2.1 per 1,000)","Author-set from Heikkinen & Jarvinen 2003 (colds), Kaur 2017 (otitis media), Centor 2015 (pharyngitis)"
2016,upper,cpn,Chlamydia pneumoniae,0.5,1.0,1.0,0.5000,96.6321,0.52,3382222,1691111,0.5 x 1.00 = 0.500,Author estimate tracking the Mycoplasma pattern,"Author-set from Heikkinen & Jarvinen 2003 (colds), Kaur 2017 (otitis media), Centor 2015 (pharyngitis)"
2016,upper,bper,Bordetella pertussis,0.4,0.98,1.0,0.3920,96.6321,0.41,3382222,1325831,0.4 x 0.98 = 0.392,"NNDSS pertussis cases / 18,386 (2015-19 mean); 2024 ~35,400, 2025 28,783; 2026 assumed","Author-set from Heikkinen & Jarvinen 2003 (colds), Kaur 2017 (otitis media), Centor 2015 (pharyngitis)"
2016,upper,leg,Legionella spp.,0.05,0.79,1.0,0.0395,96.6321,0.04,3382222,133598,0.05 x 0.79 = 0.040,NNDSS legionellosis cases (approximate) / 2015-19 mean,"Author-set from Heikkinen & Jarvinen 2003 (colds), Kaur 2017 (otitis media), Centor 2015 (pharyngitis)"
2016,upper,sau,Staphylococcus aureus,0.3,1.0,1.0,0.3000,96.6321,0.31,3382222,1014667,0.3 x 1.00 = 0.300,"Author estimate: typical-year 1.0, with a 2020-21 pandemic dip","Author-set from Heikkinen & Jarvinen 2003 (colds), Kaur 2017 (otitis media), Centor 2015 (pharyngitis)"
2016,upper,gnb,Gram-negative bacilli,0.1,1.0,1.0,0.1000,96.6321,0.10,3382222,338222,0.1 x 1.00 = 0.100,"Author estimate: typical-year 1.0, with a 2020-21 pandemic dip","Author-set from Heikkinen & Jarvinen 2003 (colds), Kaur 2017 (otitis media), Centor 2015 (pharyngitis)"
2016,upper,fnec,Fusobacterium necrophorum,0.8,1.0,1.0,0.8000,96.6321,0.83,3382222,2705778,0.8 x 1.00 = 0.800,"Author estimate: typical-year 1.0, with a 2020-21 pandemic dip","Author-set from Heikkinen & Jarvinen 2003 (colds), Kaur 2017 (otitis media), Centor 2015 (pharyngitis)"
2016,upper,gcs,Group C/G streptococci,0.8,1.0,1.0,0.8000,96.6321,0.83,3382222,2705778,0.8 x 1.00 = 0.800,"Author estimate: typical-year 1.0, with a 2020-21 pandemic dip","Author-set from Heikkinen & Jarvinen 2003 (colds), Kaur 2017 (otitis media), Centor 2015 (pharyngitis)"
2016,upper,mtb,Mycobacterium tuberculosis,0.005,1.01,1.0,0.0050,96.6321,0.01,3382222,17080,0.005 x 1.01 = 0.005,"NTSS TB cases / 9,173 (2015-19 mean); 2025 = 10,260","Author-set from Heikkinen & Jarvinen 2003 (colds), Kaur 2017 (otitis media), Centor 2015 (pharyngitis)"
2016,upper,cocci,Coccidioides spp.,0.0,0.8,1.0,0.0000,96.6321,0.00,3382222,0,0 x 0.80 = 0.000,NNDSS coccidioidomycosis cases (approximate) / 2015-19 mean,"Author-set from Heikkinen & Jarvinen 2003 (colds), Kaur 2017 (otitis media), Centor 2015 (pharyngitis)"
2016,upper,histo,Histoplasma capsulatum,0.0,1.0,1.0,0.0000,96.6321,0.00,3382222,0,0 x 1.00 = 0.000,Author estimate (flat),"Author-set from Heikkinen & Jarvinen 2003 (colds), Kaur 2017 (otitis media), Centor 2015 (pharyngitis)"
2016,upper,pjp,Pneumocystis jirovecii,0.0,1.05,1.0,0.0000,96.6321,0.00,3382222,0,0 x 1.05 = 0.000,Author estimate: slow decline with HIV treatment,"Author-set from Heikkinen & Jarvinen 2003 (colds), Kaur 2017 (otitis media), Centor 2015 (pharyngitis)"
2016,upper,asp,Aspergillus spp.,0.05,1.0,1.0,0.0500,96.6321,0.05,3382222,169111,0.05 x 1.00 = 0.050,Author estimate: COVID-associated aspergillosis 2020-22,"Author-set from Heikkinen & Jarvinen 2003 (colds), Kaur 2017 (otitis media), Centor 2015 (pharyngitis)"
2016,upper,blasto,Blastomyces spp.,0.0,1.0,1.0,0.0000,96.6321,0.00,3382222,0,0 x 1.00 = 0.000,Author estimate: 2023 Michigan outbreak,"Author-set from Heikkinen & Jarvinen 2003 (colds), Kaur 2017 (otitis media), Centor 2015 (pharyngitis)"
2016,upper,mucor,Mucorales,0.004,1.0,1.0,0.0040,96.6321,0.00,3382222,13529,0.004 x 1.00 = 0.004,Author estimate (flat),"Author-set from Heikkinen & Jarvinen 2003 (colds), Kaur 2017 (otitis media), Centor 2015 (pharyngitis)"
2016,upper,proto,Protozoa,0.001,1.0,1.0,0.0010,96.6321,0.00,3382222,3382,0.001 x 1.00 = 0.001,Author estimate (flat),"Author-set from Heikkinen & Jarvinen 2003 (colds), Kaur 2017 (otitis media), Centor 2015 (pharyngitis)"
2017,upper,rhino,Rhinovirus / enterovirus,40.0,1.0,1.0,40.0000,100.0378,39.98,3382222,135288889,40 x 1.00 = 40.000,"CDC NREVSS national trend, read by the author (not an exact ratio); EV-D68 years 2018/2022/2024 raised","Author-set from Heikkinen & Jarvinen 2003 (colds), Kaur 2017 (otitis media), Centor 2015 (pharyngitis)"
2017,upper,fluA,Influenza A,6.401,1.0901,,6.9777,100.0378,6.97,3382222,23600000,6.40 x (23.60M / 21.65M) = 6.978,"CDC flu burden by season, apportioned to calendar years; A/B split from FluView",
2017,upper,fluB,Influenza B,2.599,1.058,,2.7497,100.0378,2.75,3382222,9300000,2.60 x (9.30M / 8.79M) = 2.750,"CDC flu burden by season, apportioned to calendar years; A/B split from FluView",
2017,upper,sars2,SARS-CoV-2,,,,0.0000,100.0378,0.00,3382222,0,0.0M x (9 / 30.44M) = 0.000,"CDC COVID-19 burden estimates and JAMA Intern Med 2026, apportioned to calendar years",
2017,upper,rsv,RSV,5.0,1.0,1.0,5.0000,100.0378,5.00,3382222,16911111,5 x 1.00 = 5.000,"CDC NREVSS national trend, read by the author (not an exact ratio); 2021 off-season and 2022 early surges","Author-set from Heikkinen & Jarvinen 2003 (colds), Kaur 2017 (otitis media), Centor 2015 (pharyngitis)"
2017,upper,hmpv,Human metapneumovirus,3.0,0.95,1.0,2.8500,100.0378,2.85,3382222,9639333,3 x 0.95 = 2.850,"CDC NREVSS national trend, read by the author (not an exact ratio); large 2023 spring season","Author-set from Heikkinen & Jarvinen 2003 (colds), Kaur 2017 (otitis media), Centor 2015 (pharyngitis)"
2017,upper,piv,Parainfluenza viruses,5.0,1.05,1.0,5.2500,100.0378,5.25,3382222,17756667,5 x 1.05 = 5.250,"CDC NREVSS national trend, read by the author (not an exact ratio)","Author-set from Heikkinen & Jarvinen 2003 (colds), Kaur 2017 (otitis media), Centor 2015 (pharyngitis)"
2017,upper,adeno,Adenovirus,5.0,1.0,1.0,5.0000,100.0378,5.00,3382222,16911111,5 x 1.00 = 5.000,"CDC NREVSS national trend, read by the author (not an exact ratio)","Author-set from Heikkinen & Jarvinen 2003 (colds), Kaur 2017 (otitis media), Centor 2015 (pharyngitis)"
2017,upper,hcov,Seasonal coronaviruses,11.0,1.05,1.0,11.5500,100.0378,11.55,3382222,39064667,11 x 1.05 = 11.550,"CDC NREVSS national trend, read by the author (not an exact ratio)","Author-set from Heikkinen & Jarvinen 2003 (colds), Kaur 2017 (otitis media), Centor 2015 (pharyngitis)"
2017,upper,spn,Streptococcus pneumoniae,3.5,1.0,1.0,3.5000,100.0378,3.50,3382222,11837778,3.5 x 1.00 = 3.500,Author estimate from CDC ABCs pneumococcal trends; PCV15/20/21 slow decline,"Author-set from Heikkinen & Jarvinen 2003 (colds), Kaur 2017 (otitis media), Centor 2015 (pharyngitis)"
2017,upper,gas,Streptococcus pyogenes,6.5,1.0,1.0,6.5000,100.0378,6.50,3382222,21984444,6.5 x 1.00 = 6.500,Author estimate from CDC ABCs group A strep trends; 2022-23 surge,"Author-set from Heikkinen & Jarvinen 2003 (colds), Kaur 2017 (otitis media), Centor 2015 (pharyngitis)"
2017,upper,hflu,Haemophilus influenzae,4.5,1.0,1.0,4.5000,100.0378,4.50,3382222,15220000,4.5 x 1.00 = 4.500,"Author estimate: typical-year 1.0, with a 2020-21 pandemic dip","Author-set from Heikkinen & Jarvinen 2003 (colds), Kaur 2017 (otitis media), Centor 2015 (pharyngitis)"
2017,upper,mcat,Moraxella catarrhalis,2.0,1.0,1.0,2.0000,100.0378,2.00,3382222,6764444,2 x 1.00 = 2.000,"Author estimate: typical-year 1.0, with a 2020-21 pandemic dip","Author-set from Heikkinen & Jarvinen 2003 (colds), Kaur 2017 (otitis media), Centor 2015 (pharyngitis)"
2017,upper,mpn,Mycoplasma pneumoniae,1.2,0.95,1.0,1.1400,100.0378,1.14,3382222,3855733,1.2 x 0.95 = 1.140,"Author estimate; 2024 = 2.6 from MMWR 2025 (pediatric CAP 12.5 vs 2.1 per 1,000)","Author-set from Heikkinen & Jarvinen 2003 (colds), Kaur 2017 (otitis media), Centor 2015 (pharyngitis)"
2017,upper,cpn,Chlamydia pneumoniae,0.5,1.0,1.0,0.5000,100.0378,0.50,3382222,1691111,0.5 x 1.00 = 0.500,Author estimate tracking the Mycoplasma pattern,"Author-set from Heikkinen & Jarvinen 2003 (colds), Kaur 2017 (otitis media), Centor 2015 (pharyngitis)"
2017,upper,bper,Bordetella pertussis,0.4,1.03,1.0,0.4120,100.0378,0.41,3382222,1393476,0.4 x 1.03 = 0.412,"NNDSS pertussis cases / 18,386 (2015-19 mean); 2024 ~35,400, 2025 28,783; 2026 assumed","Author-set from Heikkinen & Jarvinen 2003 (colds), Kaur 2017 (otitis media), Centor 2015 (pharyngitis)"
2017,upper,leg,Legionella spp.,0.05,0.97,1.0,0.0485,100.0378,0.05,3382222,164038,0.05 x 0.97 = 0.049,NNDSS legionellosis cases (approximate) / 2015-19 mean,"Author-set from Heikkinen & Jarvinen 2003 (colds), Kaur 2017 (otitis media), Centor 2015 (pharyngitis)"
2017,upper,sau,Staphylococcus aureus,0.3,1.0,1.0,0.3000,100.0378,0.30,3382222,1014667,0.3 x 1.00 = 0.300,"Author estimate: typical-year 1.0, with a 2020-21 pandemic dip","Author-set from Heikkinen & Jarvinen 2003 (colds), Kaur 2017 (otitis media), Centor 2015 (pharyngitis)"
2017,upper,gnb,Gram-negative bacilli,0.1,1.0,1.0,0.1000,100.0378,0.10,3382222,338222,0.1 x 1.00 = 0.100,"Author estimate: typical-year 1.0, with a 2020-21 pandemic dip","Author-set from Heikkinen & Jarvinen 2003 (colds), Kaur 2017 (otitis media), Centor 2015 (pharyngitis)"
2017,upper,fnec,Fusobacterium necrophorum,0.8,1.0,1.0,0.8000,100.0378,0.80,3382222,2705778,0.8 x 1.00 = 0.800,"Author estimate: typical-year 1.0, with a 2020-21 pandemic dip","Author-set from Heikkinen & Jarvinen 2003 (colds), Kaur 2017 (otitis media), Centor 2015 (pharyngitis)"
2017,upper,gcs,Group C/G streptococci,0.8,1.0,1.0,0.8000,100.0378,0.80,3382222,2705778,0.8 x 1.00 = 0.800,"Author estimate: typical-year 1.0, with a 2020-21 pandemic dip","Author-set from Heikkinen & Jarvinen 2003 (colds), Kaur 2017 (otitis media), Centor 2015 (pharyngitis)"
2017,upper,mtb,Mycobacterium tuberculosis,0.005,0.99,1.0,0.0050,100.0378,0.00,3382222,16742,0.005 x 0.99 = 0.005,"NTSS TB cases / 9,173 (2015-19 mean); 2025 = 10,260","Author-set from Heikkinen & Jarvinen 2003 (colds), Kaur 2017 (otitis media), Centor 2015 (pharyngitis)"
2017,upper,cocci,Coccidioides spp.,0.0,1.03,1.0,0.0000,100.0378,0.00,3382222,0,0 x 1.03 = 0.000,NNDSS coccidioidomycosis cases (approximate) / 2015-19 mean,"Author-set from Heikkinen & Jarvinen 2003 (colds), Kaur 2017 (otitis media), Centor 2015 (pharyngitis)"
2017,upper,histo,Histoplasma capsulatum,0.0,1.0,1.0,0.0000,100.0378,0.00,3382222,0,0 x 1.00 = 0.000,Author estimate (flat),"Author-set from Heikkinen & Jarvinen 2003 (colds), Kaur 2017 (otitis media), Centor 2015 (pharyngitis)"
2017,upper,pjp,Pneumocystis jirovecii,0.0,1.0,1.0,0.0000,100.0378,0.00,3382222,0,0 x 1.00 = 0.000,Author estimate: slow decline with HIV treatment,"Author-set from Heikkinen & Jarvinen 2003 (colds), Kaur 2017 (otitis media), Centor 2015 (pharyngitis)"
2017,upper,asp,Aspergillus spp.,0.05,1.0,1.0,0.0500,100.0378,0.05,3382222,169111,0.05 x 1.00 = 0.050,Author estimate: COVID-associated aspergillosis 2020-22,"Author-set from Heikkinen & Jarvinen 2003 (colds), Kaur 2017 (otitis media), Centor 2015 (pharyngitis)"
2017,upper,blasto,Blastomyces spp.,0.0,1.0,1.0,0.0000,100.0378,0.00,3382222,0,0 x 1.00 = 0.000,Author estimate: 2023 Michigan outbreak,"Author-set from Heikkinen & Jarvinen 2003 (colds), Kaur 2017 (otitis media), Centor 2015 (pharyngitis)"
2017,upper,mucor,Mucorales,0.004,1.0,1.0,0.0040,100.0378,0.00,3382222,13529,0.004 x 1.00 = 0.004,Author estimate (flat),"Author-set from Heikkinen & Jarvinen 2003 (colds), Kaur 2017 (otitis media), Centor 2015 (pharyngitis)"
2017,upper,proto,Protozoa,0.001,1.0,1.0,0.0010,100.0378,0.00,3382222,3382,0.001 x 1.00 = 0.001,Author estimate (flat),"Author-set from Heikkinen & Jarvinen 2003 (colds), Kaur 2017 (otitis media), Centor 2015 (pharyngitis)"
2018,upper,rhino,Rhinovirus / enterovirus,40.0,1.05,1.0,42.0000,102.1361,41.12,3382222,142053333,40 x 1.05 = 42.000,"CDC NREVSS national trend, read by the author (not an exact ratio); EV-D68 years 2018/2022/2024 raised","Author-set from Heikkinen & Jarvinen 2003 (colds), Kaur 2017 (otitis media), Centor 2015 (pharyngitis)"
2018,upper,fluA,Influenza A,6.401,1.1363,,7.2733,102.1361,7.12,3382222,24600000,6.40 x (24.60M / 21.65M) = 7.273,"CDC flu burden by season, apportioned to calendar years; A/B split from FluView",
2018,upper,fluB,Influenza B,2.599,1.4334,,3.7254,102.1361,3.65,3382222,12600000,2.60 x (12.60M / 8.79M) = 3.725,"CDC flu burden by season, apportioned to calendar years; A/B split from FluView",
2018,upper,sars2,SARS-CoV-2,,,,0.0000,102.1361,0.00,3382222,0,0.0M x (9 / 30.44M) = 0.000,"CDC COVID-19 burden estimates and JAMA Intern Med 2026, apportioned to calendar years",
2018,upper,rsv,RSV,5.0,1.0,1.0,5.0000,102.1361,4.90,3382222,16911111,5 x 1.00 = 5.000,"CDC NREVSS national trend, read by the author (not an exact ratio); 2021 off-season and 2022 early surges","Author-set from Heikkinen & Jarvinen 2003 (colds), Kaur 2017 (otitis media), Centor 2015 (pharyngitis)"
2018,upper,hmpv,Human metapneumovirus,3.0,1.05,1.0,3.1500,102.1361,3.08,3382222,10654000,3 x 1.05 = 3.150,"CDC NREVSS national trend, read by the author (not an exact ratio); large 2023 spring season","Author-set from Heikkinen & Jarvinen 2003 (colds), Kaur 2017 (otitis media), Centor 2015 (pharyngitis)"
2018,upper,piv,Parainfluenza viruses,5.0,0.95,1.0,4.7500,102.1361,4.65,3382222,16065556,5 x 0.95 = 4.750,"CDC NREVSS national trend, read by the author (not an exact ratio)","Author-set from Heikkinen & Jarvinen 2003 (colds), Kaur 2017 (otitis media), Centor 2015 (pharyngitis)"
2018,upper,adeno,Adenovirus,5.0,1.0,1.0,5.0000,102.1361,4.90,3382222,16911111,5 x 1.00 = 5.000,"CDC NREVSS national trend, read by the author (not an exact ratio)","Author-set from Heikkinen & Jarvinen 2003 (colds), Kaur 2017 (otitis media), Centor 2015 (pharyngitis)"
2018,upper,hcov,Seasonal coronaviruses,11.0,0.95,1.0,10.4500,102.1361,10.23,3382222,35344222,11 x 0.95 = 10.450,"CDC NREVSS national trend, read by the author (not an exact ratio)","Author-set from Heikkinen & Jarvinen 2003 (colds), Kaur 2017 (otitis media), Centor 2015 (pharyngitis)"
2018,upper,spn,Streptococcus pneumoniae,3.5,0.98,1.0,3.4300,102.1361,3.36,3382222,11601022,3.5 x 0.98 = 3.430,Author estimate from CDC ABCs pneumococcal trends; PCV15/20/21 slow decline,"Author-set from Heikkinen & Jarvinen 2003 (colds), Kaur 2017 (otitis media), Centor 2015 (pharyngitis)"
2018,upper,gas,Streptococcus pyogenes,6.5,1.03,1.0,6.6950,102.1361,6.56,3382222,22643978,6.5 x 1.03 = 6.695,Author estimate from CDC ABCs group A strep trends; 2022-23 surge,"Author-set from Heikkinen & Jarvinen 2003 (colds), Kaur 2017 (otitis media), Centor 2015 (pharyngitis)"
2018,upper,hflu,Haemophilus influenzae,4.5,1.0,1.0,4.5000,102.1361,4.41,3382222,15220000,4.5 x 1.00 = 4.500,"Author estimate: typical-year 1.0, with a 2020-21 pandemic dip","Author-set from Heikkinen & Jarvinen 2003 (colds), Kaur 2017 (otitis media), Centor 2015 (pharyngitis)"
2018,upper,mcat,Moraxella catarrhalis,2.0,1.0,1.0,2.0000,102.1361,1.96,3382222,6764444,2 x 1.00 = 2.000,"Author estimate: typical-year 1.0, with a 2020-21 pandemic dip","Author-set from Heikkinen & Jarvinen 2003 (colds), Kaur 2017 (otitis media), Centor 2015 (pharyngitis)"
2018,upper,mpn,Mycoplasma pneumoniae,1.2,1.0,1.0,1.2000,102.1361,1.18,3382222,4058667,1.2 x 1.00 = 1.200,"Author estimate; 2024 = 2.6 from MMWR 2025 (pediatric CAP 12.5 vs 2.1 per 1,000)","Author-set from Heikkinen & Jarvinen 2003 (colds), Kaur 2017 (otitis media), Centor 2015 (pharyngitis)"
2018,upper,cpn,Chlamydia pneumoniae,0.5,1.0,1.0,0.5000,102.1361,0.49,3382222,1691111,0.5 x 1.00 = 0.500,Author estimate tracking the Mycoplasma pattern,"Author-set from Heikkinen & Jarvinen 2003 (colds), Kaur 2017 (otitis media), Centor 2015 (pharyngitis)"
2018,upper,bper,Bordetella pertussis,0.4,0.85,1.0,0.3400,102.1361,0.33,3382222,1149956,0.4 x 0.85 = 0.340,"NNDSS pertussis cases / 18,386 (2015-19 mean); 2024 ~35,400, 2025 28,783; 2026 assumed","Author-set from Heikkinen & Jarvinen 2003 (colds), Kaur 2017 (otitis media), Centor 2015 (pharyngitis)"
2018,upper,leg,Legionella spp.,0.05,1.25,1.0,0.0625,102.1361,0.06,3382222,211389,0.05 x 1.25 = 0.062,NNDSS legionellosis cases (approximate) / 2015-19 mean,"Author-set from Heikkinen & Jarvinen 2003 (colds), Kaur 2017 (otitis media), Centor 2015 (pharyngitis)"
2018,upper,sau,Staphylococcus aureus,0.3,1.0,1.0,0.3000,102.1361,0.29,3382222,1014667,0.3 x 1.00 = 0.300,"Author estimate: typical-year 1.0, with a 2020-21 pandemic dip","Author-set from Heikkinen & Jarvinen 2003 (colds), Kaur 2017 (otitis media), Centor 2015 (pharyngitis)"
2018,upper,gnb,Gram-negative bacilli,0.1,1.0,1.0,0.1000,102.1361,0.10,3382222,338222,0.1 x 1.00 = 0.100,"Author estimate: typical-year 1.0, with a 2020-21 pandemic dip","Author-set from Heikkinen & Jarvinen 2003 (colds), Kaur 2017 (otitis media), Centor 2015 (pharyngitis)"
2018,upper,fnec,Fusobacterium necrophorum,0.8,1.0,1.0,0.8000,102.1361,0.78,3382222,2705778,0.8 x 1.00 = 0.800,"Author estimate: typical-year 1.0, with a 2020-21 pandemic dip","Author-set from Heikkinen & Jarvinen 2003 (colds), Kaur 2017 (otitis media), Centor 2015 (pharyngitis)"
2018,upper,gcs,Group C/G streptococci,0.8,1.0,1.0,0.8000,102.1361,0.78,3382222,2705778,0.8 x 1.00 = 0.800,"Author estimate: typical-year 1.0, with a 2020-21 pandemic dip","Author-set from Heikkinen & Jarvinen 2003 (colds), Kaur 2017 (otitis media), Centor 2015 (pharyngitis)"
2018,upper,mtb,Mycobacterium tuberculosis,0.005,0.98,1.0,0.0049,102.1361,0.00,3382222,16573,0.005 x 0.98 = 0.005,"NTSS TB cases / 9,173 (2015-19 mean); 2025 = 10,260","Author-set from Heikkinen & Jarvinen 2003 (colds), Kaur 2017 (otitis media), Centor 2015 (pharyngitis)"
2018,upper,cocci,Coccidioides spp.,0.0,1.1,1.0,0.0000,102.1361,0.00,3382222,0,0 x 1.10 = 0.000,NNDSS coccidioidomycosis cases (approximate) / 2015-19 mean,"Author-set from Heikkinen & Jarvinen 2003 (colds), Kaur 2017 (otitis media), Centor 2015 (pharyngitis)"
2018,upper,histo,Histoplasma capsulatum,0.0,1.0,1.0,0.0000,102.1361,0.00,3382222,0,0 x 1.00 = 0.000,Author estimate (flat),"Author-set from Heikkinen & Jarvinen 2003 (colds), Kaur 2017 (otitis media), Centor 2015 (pharyngitis)"
2018,upper,pjp,Pneumocystis jirovecii,0.0,0.95,1.0,0.0000,102.1361,0.00,3382222,0,0 x 0.95 = 0.000,Author estimate: slow decline with HIV treatment,"Author-set from Heikkinen & Jarvinen 2003 (colds), Kaur 2017 (otitis media), Centor 2015 (pharyngitis)"
2018,upper,asp,Aspergillus spp.,0.05,1.0,1.0,0.0500,102.1361,0.05,3382222,169111,0.05 x 1.00 = 0.050,Author estimate: COVID-associated aspergillosis 2020-22,"Author-set from Heikkinen & Jarvinen 2003 (colds), Kaur 2017 (otitis media), Centor 2015 (pharyngitis)"
2018,upper,blasto,Blastomyces spp.,0.0,1.0,1.0,0.0000,102.1361,0.00,3382222,0,0 x 1.00 = 0.000,Author estimate: 2023 Michigan outbreak,"Author-set from Heikkinen & Jarvinen 2003 (colds), Kaur 2017 (otitis media), Centor 2015 (pharyngitis)"
2018,upper,mucor,Mucorales,0.004,1.0,1.0,0.0040,102.1361,0.00,3382222,13529,0.004 x 1.00 = 0.004,Author estimate (flat),"Author-set from Heikkinen & Jarvinen 2003 (colds), Kaur 2017 (otitis media), Centor 2015 (pharyngitis)"
2018,upper,proto,Protozoa,0.001,1.0,1.0,0.0010,102.1361,0.00,3382222,3382,0.001 x 1.00 = 0.001,Author estimate (flat),"Author-set from Heikkinen & Jarvinen 2003 (colds), Kaur 2017 (otitis media), Centor 2015 (pharyngitis)"
2019,upper,rhino,Rhinovirus / enterovirus,40.0,1.0,1.0,40.0000,101.7376,39.32,3382222,135288889,40 x 1.00 = 40.000,"CDC NREVSS national trend, read by the author (not an exact ratio); EV-D68 years 2018/2022/2024 raised","Author-set from Heikkinen & Jarvinen 2003 (colds), Kaur 2017 (otitis media), Centor 2015 (pharyngitis)"
2019,upper,fluA,Influenza A,6.401,1.2887,,8.2490,101.7376,8.11,3382222,27900000,6.40 x (27.90M / 21.65M) = 8.249,"CDC flu burden by season, apportioned to calendar years; A/B split from FluView",
2019,upper,fluB,Influenza B,2.599,1.0694,,2.7792,101.7376,2.73,3382222,9400000,2.60 x (9.40M / 8.79M) = 2.779,"CDC flu burden by season, apportioned to calendar years; A/B split from FluView",
2019,upper,sars2,SARS-CoV-2,,,,0.0000,101.7376,0.00,3382222,0,0.0M x (9 / 30.44M) = 0.000,"CDC COVID-19 burden estimates and JAMA Intern Med 2026, apportioned to calendar years",
2019,upper,rsv,RSV,5.0,1.05,1.0,5.2500,101.7376,5.16,3382222,17756667,5 x 1.05 = 5.250,"CDC NREVSS national trend, read by the author (not an exact ratio); 2021 off-season and 2022 early surges","Author-set from Heikkinen & Jarvinen 2003 (colds), Kaur 2017 (otitis media), Centor 2015 (pharyngitis)"
2019,upper,hmpv,Human metapneumovirus,3.0,1.0,1.0,3.0000,101.7376,2.95,3382222,10146667,3 x 1.00 = 3.000,"CDC NREVSS national trend, read by the author (not an exact ratio); large 2023 spring season","Author-set from Heikkinen & Jarvinen 2003 (colds), Kaur 2017 (otitis media), Centor 2015 (pharyngitis)"
2019,upper,piv,Parainfluenza viruses,5.0,1.0,1.0,5.0000,101.7376,4.91,3382222,16911111,5 x 1.00 = 5.000,"CDC NREVSS national trend, read by the author (not an exact ratio)","Author-set from Heikkinen & Jarvinen 2003 (colds), Kaur 2017 (otitis media), Centor 2015 (pharyngitis)"
2019,upper,adeno,Adenovirus,5.0,1.0,1.0,5.0000,101.7376,4.91,3382222,16911111,5 x 1.00 = 5.000,"CDC NREVSS national trend, read by the author (not an exact ratio)","Author-set from Heikkinen & Jarvinen 2003 (colds), Kaur 2017 (otitis media), Centor 2015 (pharyngitis)"
2019,upper,hcov,Seasonal coronaviruses,11.0,1.05,1.0,11.5500,101.7376,11.35,3382222,39064667,11 x 1.05 = 11.550,"CDC NREVSS national trend, read by the author (not an exact ratio)","Author-set from Heikkinen & Jarvinen 2003 (colds), Kaur 2017 (otitis media), Centor 2015 (pharyngitis)"
2019,upper,spn,Streptococcus pneumoniae,3.5,0.96,1.0,3.3600,101.7376,3.30,3382222,11364267,3.5 x 0.96 = 3.360,Author estimate from CDC ABCs pneumococcal trends; PCV15/20/21 slow decline,"Author-set from Heikkinen & Jarvinen 2003 (colds), Kaur 2017 (otitis media), Centor 2015 (pharyngitis)"
2019,upper,gas,Streptococcus pyogenes,6.5,1.05,1.0,6.8250,101.7376,6.71,3382222,23083667,6.5 x 1.05 = 6.825,Author estimate from CDC ABCs group A strep trends; 2022-23 surge,"Author-set from Heikkinen & Jarvinen 2003 (colds), Kaur 2017 (otitis media), Centor 2015 (pharyngitis)"
2019,upper,hflu,Haemophilus influenzae,4.5,1.0,1.0,4.5000,101.7376,4.42,3382222,15220000,4.5 x 1.00 = 4.500,"Author estimate: typical-year 1.0, with a 2020-21 pandemic dip","Author-set from Heikkinen & Jarvinen 2003 (colds), Kaur 2017 (otitis media), Centor 2015 (pharyngitis)"
2019,upper,mcat,Moraxella catarrhalis,2.0,1.0,1.0,2.0000,101.7376,1.97,3382222,6764444,2 x 1.00 = 2.000,"Author estimate: typical-year 1.0, with a 2020-21 pandemic dip","Author-set from Heikkinen & Jarvinen 2003 (colds), Kaur 2017 (otitis media), Centor 2015 (pharyngitis)"
2019,upper,mpn,Mycoplasma pneumoniae,1.2,1.0,1.0,1.2000,101.7376,1.18,3382222,4058667,1.2 x 1.00 = 1.200,"Author estimate; 2024 = 2.6 from MMWR 2025 (pediatric CAP 12.5 vs 2.1 per 1,000)","Author-set from Heikkinen & Jarvinen 2003 (colds), Kaur 2017 (otitis media), Centor 2015 (pharyngitis)"
2019,upper,cpn,Chlamydia pneumoniae,0.5,1.0,1.0,0.5000,101.7376,0.49,3382222,1691111,0.5 x 1.00 = 0.500,Author estimate tracking the Mycoplasma pattern,"Author-set from Heikkinen & Jarvinen 2003 (colds), Kaur 2017 (otitis media), Centor 2015 (pharyngitis)"
2019,upper,bper,Bordetella pertussis,0.4,1.01,1.0,0.4040,101.7376,0.40,3382222,1366418,0.4 x 1.01 = 0.404,"NNDSS pertussis cases / 18,386 (2015-19 mean); 2024 ~35,400, 2025 28,783; 2026 assumed","Author-set from Heikkinen & Jarvinen 2003 (colds), Kaur 2017 (otitis media), Centor 2015 (pharyngitis)"
2019,upper,leg,Legionella spp.,0.05,1.21,1.0,0.0605,101.7376,0.06,3382222,204624,0.05 x 1.21 = 0.060,NNDSS legionellosis cases (approximate) / 2015-19 mean,"Author-set from Heikkinen & Jarvinen 2003 (colds), Kaur 2017 (otitis media), Centor 2015 (pharyngitis)"
2019,upper,sau,Staphylococcus aureus,0.3,1.0,1.0,0.3000,101.7376,0.30,3382222,1014667,0.3 x 1.00 = 0.300,"Author estimate: typical-year 1.0, with a 2020-21 pandemic dip","Author-set from Heikkinen & Jarvinen 2003 (colds), Kaur 2017 (otitis media), Centor 2015 (pharyngitis)"
2019,upper,gnb,Gram-negative bacilli,0.1,1.0,1.0,0.1000,101.7376,0.10,3382222,338222,0.1 x 1.00 = 0.100,"Author estimate: typical-year 1.0, with a 2020-21 pandemic dip","Author-set from Heikkinen & Jarvinen 2003 (colds), Kaur 2017 (otitis media), Centor 2015 (pharyngitis)"
2019,upper,fnec,Fusobacterium necrophorum,0.8,1.0,1.0,0.8000,101.7376,0.79,3382222,2705778,0.8 x 1.00 = 0.800,"Author estimate: typical-year 1.0, with a 2020-21 pandemic dip","Author-set from Heikkinen & Jarvinen 2003 (colds), Kaur 2017 (otitis media), Centor 2015 (pharyngitis)"
2019,upper,gcs,Group C/G streptococci,0.8,1.0,1.0,0.8000,101.7376,0.79,3382222,2705778,0.8 x 1.00 = 0.800,"Author estimate: typical-year 1.0, with a 2020-21 pandemic dip","Author-set from Heikkinen & Jarvinen 2003 (colds), Kaur 2017 (otitis media), Centor 2015 (pharyngitis)"
2019,upper,mtb,Mycobacterium tuberculosis,0.005,0.97,1.0,0.0049,101.7376,0.00,3382222,16404,0.005 x 0.97 = 0.005,"NTSS TB cases / 9,173 (2015-19 mean); 2025 = 10,260","Author-set from Heikkinen & Jarvinen 2003 (colds), Kaur 2017 (otitis media), Centor 2015 (pharyngitis)"
2019,upper,cocci,Coccidioides spp.,0.0,1.3,1.0,0.0000,101.7376,0.00,3382222,0,0 x 1.30 = 0.000,NNDSS coccidioidomycosis cases (approximate) / 2015-19 mean,"Author-set from Heikkinen & Jarvinen 2003 (colds), Kaur 2017 (otitis media), Centor 2015 (pharyngitis)"
2019,upper,histo,Histoplasma capsulatum,0.0,1.0,1.0,0.0000,101.7376,0.00,3382222,0,0 x 1.00 = 0.000,Author estimate (flat),"Author-set from Heikkinen & Jarvinen 2003 (colds), Kaur 2017 (otitis media), Centor 2015 (pharyngitis)"
2019,upper,pjp,Pneumocystis jirovecii,0.0,0.92,1.0,0.0000,101.7376,0.00,3382222,0,0 x 0.92 = 0.000,Author estimate: slow decline with HIV treatment,"Author-set from Heikkinen & Jarvinen 2003 (colds), Kaur 2017 (otitis media), Centor 2015 (pharyngitis)"
2019,upper,asp,Aspergillus spp.,0.05,1.0,1.0,0.0500,101.7376,0.05,3382222,169111,0.05 x 1.00 = 0.050,Author estimate: COVID-associated aspergillosis 2020-22,"Author-set from Heikkinen & Jarvinen 2003 (colds), Kaur 2017 (otitis media), Centor 2015 (pharyngitis)"
2019,upper,blasto,Blastomyces spp.,0.0,1.0,1.0,0.0000,101.7376,0.00,3382222,0,0 x 1.00 = 0.000,Author estimate: 2023 Michigan outbreak,"Author-set from Heikkinen & Jarvinen 2003 (colds), Kaur 2017 (otitis media), Centor 2015 (pharyngitis)"
2019,upper,mucor,Mucorales,0.004,1.0,1.0,0.0040,101.7376,0.00,3382222,13529,0.004 x 1.00 = 0.004,Author estimate (flat),"Author-set from Heikkinen & Jarvinen 2003 (colds), Kaur 2017 (otitis media), Centor 2015 (pharyngitis)"
2019,upper,proto,Protozoa,0.001,1.0,1.0,0.0010,101.7376,0.00,3382222,3382,0.001 x 1.00 = 0.001,Author estimate (flat),"Author-set from Heikkinen & Jarvinen 2003 (colds), Kaur 2017 (otitis media), Centor 2015 (pharyngitis)"
2020,upper,rhino,Rhinovirus / enterovirus,40.0,0.8,1.0,32.0000,86.8938,36.83,3382222,108231111,40 x 0.80 = 32.000,"CDC NREVSS national trend, read by the author (not an exact ratio); EV-D68 years 2018/2022/2024 raised","Author-set from Heikkinen & Jarvinen 2003 (colds), Kaur 2017 (otitis media), Centor 2015 (pharyngitis)"
2020,upper,fluA,Influenza A,6.401,0.7621,,4.8784,86.8938,5.61,3382222,16500000,6.40 x (16.50M / 21.65M) = 4.878,"CDC flu burden by season, apportioned to calendar years; A/B split from FluView",
2020,upper,fluB,Influenza B,2.599,0.7964,,2.0696,86.8938,2.38,3382222,7000000,2.60 x (7.00M / 8.79M) = 2.070,"CDC flu burden by season, apportioned to calendar years; A/B split from FluView",
2020,upper,sars2,SARS-CoV-2,,,,22.1748,86.8938,25.52,3382222,75000000,75.0M x (9 / 30.44M) = 22.175,"CDC COVID-19 burden estimates and JAMA Intern Med 2026, apportioned to calendar years",
2020,upper,rsv,RSV,5.0,0.45,1.0,2.2500,86.8938,2.59,3382222,7610000,5 x 0.45 = 2.250,"CDC NREVSS national trend, read by the author (not an exact ratio); 2021 off-season and 2022 early surges","Author-set from Heikkinen & Jarvinen 2003 (colds), Kaur 2017 (otitis media), Centor 2015 (pharyngitis)"
2020,upper,hmpv,Human metapneumovirus,3.0,0.65,1.0,1.9500,86.8938,2.24,3382222,6595333,3 x 0.65 = 1.950,"CDC NREVSS national trend, read by the author (not an exact ratio); large 2023 spring season","Author-set from Heikkinen & Jarvinen 2003 (colds), Kaur 2017 (otitis media), Centor 2015 (pharyngitis)"
2020,upper,piv,Parainfluenza viruses,5.0,0.35,1.0,1.7500,86.8938,2.01,3382222,5918889,5 x 0.35 = 1.750,"CDC NREVSS national trend, read by the author (not an exact ratio)","Author-set from Heikkinen & Jarvinen 2003 (colds), Kaur 2017 (otitis media), Centor 2015 (pharyngitis)"
2020,upper,adeno,Adenovirus,5.0,0.5,1.0,2.5000,86.8938,2.88,3382222,8455556,5 x 0.50 = 2.500,"CDC NREVSS national trend, read by the author (not an exact ratio)","Author-set from Heikkinen & Jarvinen 2003 (colds), Kaur 2017 (otitis media), Centor 2015 (pharyngitis)"
2020,upper,hcov,Seasonal coronaviruses,11.0,0.5,1.0,5.5000,86.8938,6.33,3382222,18602222,11 x 0.50 = 5.500,"CDC NREVSS national trend, read by the author (not an exact ratio)","Author-set from Heikkinen & Jarvinen 2003 (colds), Kaur 2017 (otitis media), Centor 2015 (pharyngitis)"
2020,upper,spn,Streptococcus pneumoniae,3.5,0.6,1.0,2.1000,86.8938,2.42,3382222,7102667,3.5 x 0.60 = 2.100,Author estimate from CDC ABCs pneumococcal trends; PCV15/20/21 slow decline,"Author-set from Heikkinen & Jarvinen 2003 (colds), Kaur 2017 (otitis media), Centor 2015 (pharyngitis)"
2020,upper,gas,Streptococcus pyogenes,6.5,0.55,1.0,3.5750,86.8938,4.11,3382222,12091444,6.5 x 0.55 = 3.575,Author estimate from CDC ABCs group A strep trends; 2022-23 surge,"Author-set from Heikkinen & Jarvinen 2003 (colds), Kaur 2017 (otitis media), Centor 2015 (pharyngitis)"
2020,upper,hflu,Haemophilus influenzae,4.5,0.6,1.0,2.7000,86.8938,3.11,3382222,9132000,4.5 x 0.60 = 2.700,"Author estimate: typical-year 1.0, with a 2020-21 pandemic dip","Author-set from Heikkinen & Jarvinen 2003 (colds), Kaur 2017 (otitis media), Centor 2015 (pharyngitis)"
2020,upper,mcat,Moraxella catarrhalis,2.0,0.6,1.0,1.2000,86.8938,1.38,3382222,4058667,2 x 0.60 = 1.200,"Author estimate: typical-year 1.0, with a 2020-21 pandemic dip","Author-set from Heikkinen & Jarvinen 2003 (colds), Kaur 2017 (otitis media), Centor 2015 (pharyngitis)"
2020,upper,mpn,Mycoplasma pneumoniae,1.2,0.35,1.0,0.4200,86.8938,0.48,3382222,1420533,1.2 x 0.35 = 0.420,"Author estimate; 2024 = 2.6 from MMWR 2025 (pediatric CAP 12.5 vs 2.1 per 1,000)","Author-set from Heikkinen & Jarvinen 2003 (colds), Kaur 2017 (otitis media), Centor 2015 (pharyngitis)"
2020,upper,cpn,Chlamydia pneumoniae,0.5,0.5,1.0,0.2500,86.8938,0.29,3382222,845556,0.5 x 0.50 = 0.250,Author estimate tracking the Mycoplasma pattern,"Author-set from Heikkinen & Jarvinen 2003 (colds), Kaur 2017 (otitis media), Centor 2015 (pharyngitis)"
2020,upper,bper,Bordetella pertussis,0.4,0.33,1.0,0.1320,86.8938,0.15,3382222,446453,0.4 x 0.33 = 0.132,"NNDSS pertussis cases / 18,386 (2015-19 mean); 2024 ~35,400, 2025 28,783; 2026 assumed","Author-set from Heikkinen & Jarvinen 2003 (colds), Kaur 2017 (otitis media), Centor 2015 (pharyngitis)"
2020,upper,leg,Legionella spp.,0.05,1.0,1.0,0.0500,86.8938,0.06,3382222,169111,0.05 x 1.00 = 0.050,NNDSS legionellosis cases (approximate) / 2015-19 mean,"Author-set from Heikkinen & Jarvinen 2003 (colds), Kaur 2017 (otitis media), Centor 2015 (pharyngitis)"
2020,upper,sau,Staphylococcus aureus,0.3,0.85,1.0,0.2550,86.8938,0.29,3382222,862467,0.3 x 0.85 = 0.255,"Author estimate: typical-year 1.0, with a 2020-21 pandemic dip","Author-set from Heikkinen & Jarvinen 2003 (colds), Kaur 2017 (otitis media), Centor 2015 (pharyngitis)"
2020,upper,gnb,Gram-negative bacilli,0.1,1.05,1.0,0.1050,86.8938,0.12,3382222,355133,0.1 x 1.05 = 0.105,"Author estimate: typical-year 1.0, with a 2020-21 pandemic dip","Author-set from Heikkinen & Jarvinen 2003 (colds), Kaur 2017 (otitis media), Centor 2015 (pharyngitis)"
2020,upper,fnec,Fusobacterium necrophorum,0.8,0.6,1.0,0.4800,86.8938,0.55,3382222,1623467,0.8 x 0.60 = 0.480,"Author estimate: typical-year 1.0, with a 2020-21 pandemic dip","Author-set from Heikkinen & Jarvinen 2003 (colds), Kaur 2017 (otitis media), Centor 2015 (pharyngitis)"
2020,upper,gcs,Group C/G streptococci,0.8,0.6,1.0,0.4800,86.8938,0.55,3382222,1623467,0.8 x 0.60 = 0.480,"Author estimate: typical-year 1.0, with a 2020-21 pandemic dip","Author-set from Heikkinen & Jarvinen 2003 (colds), Kaur 2017 (otitis media), Centor 2015 (pharyngitis)"
2020,upper,mtb,Mycobacterium tuberculosis,0.005,0.78,1.0,0.0039,86.8938,0.01,3382222,13191,0.005 x 0.78 = 0.004,"NTSS TB cases / 9,173 (2015-19 mean); 2025 = 10,260","Author-set from Heikkinen & Jarvinen 2003 (colds), Kaur 2017 (otitis media), Centor 2015 (pharyngitis)"
2020,upper,cocci,Coccidioides spp.,0.0,1.3,1.0,0.0000,86.8938,0.00,3382222,0,0 x 1.30 = 0.000,NNDSS coccidioidomycosis cases (approximate) / 2015-19 mean,"Author-set from Heikkinen & Jarvinen 2003 (colds), Kaur 2017 (otitis media), Centor 2015 (pharyngitis)"
2020,upper,histo,Histoplasma capsulatum,0.0,0.9,1.0,0.0000,86.8938,0.00,3382222,0,0 x 0.90 = 0.000,Author estimate (flat),"Author-set from Heikkinen & Jarvinen 2003 (colds), Kaur 2017 (otitis media), Centor 2015 (pharyngitis)"
2020,upper,pjp,Pneumocystis jirovecii,0.0,0.95,1.0,0.0000,86.8938,0.00,3382222,0,0 x 0.95 = 0.000,Author estimate: slow decline with HIV treatment,"Author-set from Heikkinen & Jarvinen 2003 (colds), Kaur 2017 (otitis media), Centor 2015 (pharyngitis)"
2020,upper,asp,Aspergillus spp.,0.05,1.3,1.0,0.0650,86.8938,0.08,3382222,219844,0.05 x 1.30 = 0.065,Author estimate: COVID-associated aspergillosis 2020-22,"Author-set from Heikkinen & Jarvinen 2003 (colds), Kaur 2017 (otitis media), Centor 2015 (pharyngitis)"
2020,upper,blasto,Blastomyces spp.,0.0,1.0,1.0,0.0000,86.8938,0.00,3382222,0,0 x 1.00 = 0.000,Author estimate: 2023 Michigan outbreak,"Author-set from Heikkinen & Jarvinen 2003 (colds), Kaur 2017 (otitis media), Centor 2015 (pharyngitis)"
2020,upper,mucor,Mucorales,0.004,1.0,1.0,0.0040,86.8938,0.01,3382222,13529,0.004 x 1.00 = 0.004,Author estimate (flat),"Author-set from Heikkinen & Jarvinen 2003 (colds), Kaur 2017 (otitis media), Centor 2015 (pharyngitis)"
2020,upper,proto,Protozoa,0.001,1.0,1.0,0.0010,86.8938,0.00,3382222,3382,0.001 x 1.00 = 0.001,Author estimate (flat),"Author-set from Heikkinen & Jarvinen 2003 (colds), Kaur 2017 (otitis media), Centor 2015 (pharyngitis)"
2021,upper,rhino,Rhinovirus / enterovirus,40.0,1.05,1.0,42.0000,99.4393,42.24,3382222,142053333,40 x 1.05 = 42.000,"CDC NREVSS national trend, read by the author (not an exact ratio); EV-D68 years 2018/2022/2024 raised","Author-set from Heikkinen & Jarvinen 2003 (colds), Kaur 2017 (otitis media), Centor 2015 (pharyngitis)"
2021,upper,fluA,Influenza A,6.401,0.1755,,1.1235,99.4393,1.13,3382222,3800000,6.40 x (3.80M / 21.65M) = 1.124,"CDC flu burden by season, apportioned to calendar years; A/B split from FluView",
2021,upper,fluB,Influenza B,2.599,0.0114,,0.0296,99.4393,0.03,3382222,100000,2.60 x (0.10M / 8.79M) = 0.030,"CDC flu burden by season, apportioned to calendar years; A/B split from FluView",
2021,upper,sars2,SARS-CoV-2,,,,23.6531,99.4393,23.79,3382222,80000000,80.0M x (9 / 30.44M) = 23.653,"CDC COVID-19 burden estimates and JAMA Intern Med 2026, apportioned to calendar years",
2021,upper,rsv,RSV,5.0,1.05,1.0,5.2500,99.4393,5.28,3382222,17756667,5 x 1.05 = 5.250,"CDC NREVSS national trend, read by the author (not an exact ratio); 2021 off-season and 2022 early surges","Author-set from Heikkinen & Jarvinen 2003 (colds), Kaur 2017 (otitis media), Centor 2015 (pharyngitis)"
2021,upper,hmpv,Human metapneumovirus,3.0,0.45,1.0,1.3500,99.4393,1.36,3382222,4566000,3 x 0.45 = 1.350,"CDC NREVSS national trend, read by the author (not an exact ratio); large 2023 spring season","Author-set from Heikkinen & Jarvinen 2003 (colds), Kaur 2017 (otitis media), Centor 2015 (pharyngitis)"
2021,upper,piv,Parainfluenza viruses,5.0,1.05,1.0,5.2500,99.4393,5.28,3382222,17756667,5 x 1.05 = 5.250,"CDC NREVSS national trend, read by the author (not an exact ratio)","Author-set from Heikkinen & Jarvinen 2003 (colds), Kaur 2017 (otitis media), Centor 2015 (pharyngitis)"
2021,upper,adeno,Adenovirus,5.0,0.8,1.0,4.0000,99.4393,4.02,3382222,13528889,5 x 0.80 = 4.000,"CDC NREVSS national trend, read by the author (not an exact ratio)","Author-set from Heikkinen & Jarvinen 2003 (colds), Kaur 2017 (otitis media), Centor 2015 (pharyngitis)"
2021,upper,hcov,Seasonal coronaviruses,11.0,0.4,1.0,4.4000,99.4393,4.42,3382222,14881778,11 x 0.40 = 4.400,"CDC NREVSS national trend, read by the author (not an exact ratio)","Author-set from Heikkinen & Jarvinen 2003 (colds), Kaur 2017 (otitis media), Centor 2015 (pharyngitis)"
2021,upper,spn,Streptococcus pneumoniae,3.5,0.7,1.0,2.4500,99.4393,2.46,3382222,8286444,3.5 x 0.70 = 2.450,Author estimate from CDC ABCs pneumococcal trends; PCV15/20/21 slow decline,"Author-set from Heikkinen & Jarvinen 2003 (colds), Kaur 2017 (otitis media), Centor 2015 (pharyngitis)"
2021,upper,gas,Streptococcus pyogenes,6.5,0.55,1.0,3.5750,99.4393,3.60,3382222,12091444,6.5 x 0.55 = 3.575,Author estimate from CDC ABCs group A strep trends; 2022-23 surge,"Author-set from Heikkinen & Jarvinen 2003 (colds), Kaur 2017 (otitis media), Centor 2015 (pharyngitis)"
2021,upper,hflu,Haemophilus influenzae,4.5,0.7,1.0,3.1500,99.4393,3.17,3382222,10654000,4.5 x 0.70 = 3.150,"Author estimate: typical-year 1.0, with a 2020-21 pandemic dip","Author-set from Heikkinen & Jarvinen 2003 (colds), Kaur 2017 (otitis media), Centor 2015 (pharyngitis)"
2021,upper,mcat,Moraxella catarrhalis,2.0,0.7,1.0,1.4000,99.4393,1.41,3382222,4735111,2 x 0.70 = 1.400,"Author estimate: typical-year 1.0, with a 2020-21 pandemic dip","Author-set from Heikkinen & Jarvinen 2003 (colds), Kaur 2017 (otitis media), Centor 2015 (pharyngitis)"
2021,upper,mpn,Mycoplasma pneumoniae,1.2,0.1,1.0,0.1200,99.4393,0.12,3382222,405867,1.2 x 0.10 = 0.120,"Author estimate; 2024 = 2.6 from MMWR 2025 (pediatric CAP 12.5 vs 2.1 per 1,000)","Author-set from Heikkinen & Jarvinen 2003 (colds), Kaur 2017 (otitis media), Centor 2015 (pharyngitis)"
2021,upper,cpn,Chlamydia pneumoniae,0.5,0.35,1.0,0.1750,99.4393,0.18,3382222,591889,0.5 x 0.35 = 0.175,Author estimate tracking the Mycoplasma pattern,"Author-set from Heikkinen & Jarvinen 2003 (colds), Kaur 2017 (otitis media), Centor 2015 (pharyngitis)"
2021,upper,bper,Bordetella pertussis,0.4,0.12,1.0,0.0480,99.4393,0.05,3382222,162347,0.4 x 0.12 = 0.048,"NNDSS pertussis cases / 18,386 (2015-19 mean); 2024 ~35,400, 2025 28,783; 2026 assumed","Author-set from Heikkinen & Jarvinen 2003 (colds), Kaur 2017 (otitis media), Centor 2015 (pharyngitis)"
2021,upper,leg,Legionella spp.,0.05,1.05,1.0,0.0525,99.4393,0.05,3382222,177567,0.05 x 1.05 = 0.053,NNDSS legionellosis cases (approximate) / 2015-19 mean,"Author-set from Heikkinen & Jarvinen 2003 (colds), Kaur 2017 (otitis media), Centor 2015 (pharyngitis)"
2021,upper,sau,Staphylococcus aureus,0.3,0.9,1.0,0.2700,99.4393,0.27,3382222,913200,0.3 x 0.90 = 0.270,"Author estimate: typical-year 1.0, with a 2020-21 pandemic dip","Author-set from Heikkinen & Jarvinen 2003 (colds), Kaur 2017 (otitis media), Centor 2015 (pharyngitis)"
2021,upper,gnb,Gram-negative bacilli,0.1,1.05,1.0,0.1050,99.4393,0.11,3382222,355133,0.1 x 1.05 = 0.105,"Author estimate: typical-year 1.0, with a 2020-21 pandemic dip","Author-set from Heikkinen & Jarvinen 2003 (colds), Kaur 2017 (otitis media), Centor 2015 (pharyngitis)"
2021,upper,fnec,Fusobacterium necrophorum,0.8,0.6,1.0,0.4800,99.4393,0.48,3382222,1623467,0.8 x 0.60 = 0.480,"Author estimate: typical-year 1.0, with a 2020-21 pandemic dip","Author-set from Heikkinen & Jarvinen 2003 (colds), Kaur 2017 (otitis media), Centor 2015 (pharyngitis)"
2021,upper,gcs,Group C/G streptococci,0.8,0.6,1.0,0.4800,99.4393,0.48,3382222,1623467,0.8 x 0.60 = 0.480,"Author estimate: typical-year 1.0, with a 2020-21 pandemic dip","Author-set from Heikkinen & Jarvinen 2003 (colds), Kaur 2017 (otitis media), Centor 2015 (pharyngitis)"
2021,upper,mtb,Mycobacterium tuberculosis,0.005,0.86,1.0,0.0043,99.4393,0.00,3382222,14544,0.005 x 0.86 = 0.004,"NTSS TB cases / 9,173 (2015-19 mean); 2025 = 10,260","Author-set from Heikkinen & Jarvinen 2003 (colds), Kaur 2017 (otitis media), Centor 2015 (pharyngitis)"
2021,upper,cocci,Coccidioides spp.,0.0,1.4,1.0,0.0000,99.4393,0.00,3382222,0,0 x 1.40 = 0.000,NNDSS coccidioidomycosis cases (approximate) / 2015-19 mean,"Author-set from Heikkinen & Jarvinen 2003 (colds), Kaur 2017 (otitis media), Centor 2015 (pharyngitis)"
2021,upper,histo,Histoplasma capsulatum,0.0,1.0,1.0,0.0000,99.4393,0.00,3382222,0,0 x 1.00 = 0.000,Author estimate (flat),"Author-set from Heikkinen & Jarvinen 2003 (colds), Kaur 2017 (otitis media), Centor 2015 (pharyngitis)"
2021,upper,pjp,Pneumocystis jirovecii,0.0,0.95,1.0,0.0000,99.4393,0.00,3382222,0,0 x 0.95 = 0.000,Author estimate: slow decline with HIV treatment,"Author-set from Heikkinen & Jarvinen 2003 (colds), Kaur 2017 (otitis media), Centor 2015 (pharyngitis)"
2021,upper,asp,Aspergillus spp.,0.05,1.35,1.0,0.0675,99.4393,0.07,3382222,228300,0.05 x 1.35 = 0.068,Author estimate: COVID-associated aspergillosis 2020-22,"Author-set from Heikkinen & Jarvinen 2003 (colds), Kaur 2017 (otitis media), Centor 2015 (pharyngitis)"
2021,upper,blasto,Blastomyces spp.,0.0,1.0,1.0,0.0000,99.4393,0.00,3382222,0,0 x 1.00 = 0.000,Author estimate: 2023 Michigan outbreak,"Author-set from Heikkinen & Jarvinen 2003 (colds), Kaur 2017 (otitis media), Centor 2015 (pharyngitis)"
2021,upper,mucor,Mucorales,0.004,1.2,1.0,0.0048,99.4393,0.00,3382222,16235,0.004 x 1.20 = 0.005,Author estimate (flat),"Author-set from Heikkinen & Jarvinen 2003 (colds), Kaur 2017 (otitis media), Centor 2015 (pharyngitis)"
2021,upper,proto,Protozoa,0.001,1.0,1.0,0.0010,99.4393,0.00,3382222,3382,0.001 x 1.00 = 0.001,Author estimate (flat),"Author-set from Heikkinen & Jarvinen 2003 (colds), Kaur 2017 (otitis media), Centor 2015 (pharyngitis)"
2022,upper,rhino,Rhinovirus / enterovirus,40.0,1.1,1.0,44.0000,133.3652,32.99,3382222,148817778,40 x 1.10 = 44.000,"CDC NREVSS national trend, read by the author (not an exact ratio); EV-D68 years 2018/2022/2024 raised","Author-set from Heikkinen & Jarvinen 2003 (colds), Kaur 2017 (otitis media), Centor 2015 (pharyngitis)"
2022,upper,fluA,Influenza A,6.401,1.3718,,8.7812,133.3652,6.58,3382222,29700000,6.40 x (29.70M / 21.65M) = 8.781,"CDC flu burden by season, apportioned to calendar years; A/B split from FluView",
2022,upper,fluB,Influenza B,2.599,0.0626,,0.1626,133.3652,0.12,3382222,550000,2.60 x (0.55M / 8.79M) = 0.163,"CDC flu burden by season, apportioned to calendar years; A/B split from FluView",
2022,upper,sars2,SARS-CoV-2,,,,29.5664,133.3652,22.17,3382222,100000000,100.0M x (9 / 30.44M) = 29.566,"CDC COVID-19 burden estimates and JAMA Intern Med 2026, apportioned to calendar years",
2022,upper,rsv,RSV,5.0,1.5,1.0,7.5000,133.3652,5.62,3382222,25366667,5 x 1.50 = 7.500,"CDC NREVSS national trend, read by the author (not an exact ratio); 2021 off-season and 2022 early surges","Author-set from Heikkinen & Jarvinen 2003 (colds), Kaur 2017 (otitis media), Centor 2015 (pharyngitis)"
2022,upper,hmpv,Human metapneumovirus,3.0,0.85,1.0,2.5500,133.3652,1.91,3382222,8624667,3 x 0.85 = 2.550,"CDC NREVSS national trend, read by the author (not an exact ratio); large 2023 spring season","Author-set from Heikkinen & Jarvinen 2003 (colds), Kaur 2017 (otitis media), Centor 2015 (pharyngitis)"
2022,upper,piv,Parainfluenza viruses,5.0,1.0,1.0,5.0000,133.3652,3.75,3382222,16911111,5 x 1.00 = 5.000,"CDC NREVSS national trend, read by the author (not an exact ratio)","Author-set from Heikkinen & Jarvinen 2003 (colds), Kaur 2017 (otitis media), Centor 2015 (pharyngitis)"
2022,upper,adeno,Adenovirus,5.0,1.1,1.0,5.5000,133.3652,4.12,3382222,18602222,5 x 1.10 = 5.500,"CDC NREVSS national trend, read by the author (not an exact ratio)","Author-set from Heikkinen & Jarvinen 2003 (colds), Kaur 2017 (otitis media), Centor 2015 (pharyngitis)"
2022,upper,hcov,Seasonal coronaviruses,11.0,0.95,1.0,10.4500,133.3652,7.84,3382222,35344222,11 x 0.95 = 10.450,"CDC NREVSS national trend, read by the author (not an exact ratio)","Author-set from Heikkinen & Jarvinen 2003 (colds), Kaur 2017 (otitis media), Centor 2015 (pharyngitis)"
2022,upper,spn,Streptococcus pneumoniae,3.5,0.95,1.0,3.3250,133.3652,2.49,3382222,11245889,3.5 x 0.95 = 3.325,Author estimate from CDC ABCs pneumococcal trends; PCV15/20/21 slow decline,"Author-set from Heikkinen & Jarvinen 2003 (colds), Kaur 2017 (otitis media), Centor 2015 (pharyngitis)"
2022,upper,gas,Streptococcus pyogenes,6.5,1.2,1.0,7.8000,133.3652,5.85,3382222,26381333,6.5 x 1.20 = 7.800,Author estimate from CDC ABCs group A strep trends; 2022-23 surge,"Author-set from Heikkinen & Jarvinen 2003 (colds), Kaur 2017 (otitis media), Centor 2015 (pharyngitis)"
2022,upper,hflu,Haemophilus influenzae,4.5,0.95,1.0,4.2750,133.3652,3.21,3382222,14459000,4.5 x 0.95 = 4.275,"Author estimate: typical-year 1.0, with a 2020-21 pandemic dip","Author-set from Heikkinen & Jarvinen 2003 (colds), Kaur 2017 (otitis media), Centor 2015 (pharyngitis)"
2022,upper,mcat,Moraxella catarrhalis,2.0,0.95,1.0,1.9000,133.3652,1.43,3382222,6426222,2 x 0.95 = 1.900,"Author estimate: typical-year 1.0, with a 2020-21 pandemic dip","Author-set from Heikkinen & Jarvinen 2003 (colds), Kaur 2017 (otitis media), Centor 2015 (pharyngitis)"
2022,upper,mpn,Mycoplasma pneumoniae,1.2,0.1,1.0,0.1200,133.3652,0.09,3382222,405867,1.2 x 0.10 = 0.120,"Author estimate; 2024 = 2.6 from MMWR 2025 (pediatric CAP 12.5 vs 2.1 per 1,000)","Author-set from Heikkinen & Jarvinen 2003 (colds), Kaur 2017 (otitis media), Centor 2015 (pharyngitis)"
2022,upper,cpn,Chlamydia pneumoniae,0.5,0.5,1.0,0.2500,133.3652,0.19,3382222,845556,0.5 x 0.50 = 0.250,Author estimate tracking the Mycoplasma pattern,"Author-set from Heikkinen & Jarvinen 2003 (colds), Kaur 2017 (otitis media), Centor 2015 (pharyngitis)"
2022,upper,bper,Bordetella pertussis,0.4,0.17,1.0,0.0680,133.3652,0.05,3382222,229991,0.4 x 0.17 = 0.068,"NNDSS pertussis cases / 18,386 (2015-19 mean); 2024 ~35,400, 2025 28,783; 2026 assumed","Author-set from Heikkinen & Jarvinen 2003 (colds), Kaur 2017 (otitis media), Centor 2015 (pharyngitis)"
2022,upper,leg,Legionella spp.,0.05,1.05,1.0,0.0525,133.3652,0.04,3382222,177567,0.05 x 1.05 = 0.053,NNDSS legionellosis cases (approximate) / 2015-19 mean,"Author-set from Heikkinen & Jarvinen 2003 (colds), Kaur 2017 (otitis media), Centor 2015 (pharyngitis)"
2022,upper,sau,Staphylococcus aureus,0.3,1.0,1.0,0.3000,133.3652,0.23,3382222,1014667,0.3 x 1.00 = 0.300,"Author estimate: typical-year 1.0, with a 2020-21 pandemic dip","Author-set from Heikkinen & Jarvinen 2003 (colds), Kaur 2017 (otitis media), Centor 2015 (pharyngitis)"
2022,upper,gnb,Gram-negative bacilli,0.1,1.0,1.0,0.1000,133.3652,0.08,3382222,338222,0.1 x 1.00 = 0.100,"Author estimate: typical-year 1.0, with a 2020-21 pandemic dip","Author-set from Heikkinen & Jarvinen 2003 (colds), Kaur 2017 (otitis media), Centor 2015 (pharyngitis)"
2022,upper,fnec,Fusobacterium necrophorum,0.8,1.0,1.0,0.8000,133.3652,0.60,3382222,2705778,0.8 x 1.00 = 0.800,"Author estimate: typical-year 1.0, with a 2020-21 pandemic dip","Author-set from Heikkinen & Jarvinen 2003 (colds), Kaur 2017 (otitis media), Centor 2015 (pharyngitis)"
2022,upper,gcs,Group C/G streptococci,0.8,1.0,1.0,0.8000,133.3652,0.60,3382222,2705778,0.8 x 1.00 = 0.800,"Author estimate: typical-year 1.0, with a 2020-21 pandemic dip","Author-set from Heikkinen & Jarvinen 2003 (colds), Kaur 2017 (otitis media), Centor 2015 (pharyngitis)"
2022,upper,mtb,Mycobacterium tuberculosis,0.005,0.91,1.0,0.0046,133.3652,0.00,3382222,15389,0.005 x 0.91 = 0.005,"NTSS TB cases / 9,173 (2015-19 mean); 2025 = 10,260","Author-set from Heikkinen & Jarvinen 2003 (colds), Kaur 2017 (otitis media), Centor 2015 (pharyngitis)"
2022,upper,cocci,Coccidioides spp.,0.0,1.3,1.0,0.0000,133.3652,0.00,3382222,0,0 x 1.30 = 0.000,NNDSS coccidioidomycosis cases (approximate) / 2015-19 mean,"Author-set from Heikkinen & Jarvinen 2003 (colds), Kaur 2017 (otitis media), Centor 2015 (pharyngitis)"
2022,upper,histo,Histoplasma capsulatum,0.0,1.0,1.0,0.0000,133.3652,0.00,3382222,0,0 x 1.00 = 0.000,Author estimate (flat),"Author-set from Heikkinen & Jarvinen 2003 (colds), Kaur 2017 (otitis media), Centor 2015 (pharyngitis)"
2022,upper,pjp,Pneumocystis jirovecii,0.0,0.9,1.0,0.0000,133.3652,0.00,3382222,0,0 x 0.90 = 0.000,Author estimate: slow decline with HIV treatment,"Author-set from Heikkinen & Jarvinen 2003 (colds), Kaur 2017 (otitis media), Centor 2015 (pharyngitis)"
2022,upper,asp,Aspergillus spp.,0.05,1.1,1.0,0.0550,133.3652,0.04,3382222,186022,0.05 x 1.10 = 0.055,Author estimate: COVID-associated aspergillosis 2020-22,"Author-set from Heikkinen & Jarvinen 2003 (colds), Kaur 2017 (otitis media), Centor 2015 (pharyngitis)"
2022,upper,blasto,Blastomyces spp.,0.0,1.0,1.0,0.0000,133.3652,0.00,3382222,0,0 x 1.00 = 0.000,Author estimate: 2023 Michigan outbreak,"Author-set from Heikkinen & Jarvinen 2003 (colds), Kaur 2017 (otitis media), Centor 2015 (pharyngitis)"
2022,upper,mucor,Mucorales,0.004,1.0,1.0,0.0040,133.3652,0.00,3382222,13529,0.004 x 1.00 = 0.004,Author estimate (flat),"Author-set from Heikkinen & Jarvinen 2003 (colds), Kaur 2017 (otitis media), Centor 2015 (pharyngitis)"
2022,upper,proto,Protozoa,0.001,1.0,1.0,0.0010,133.3652,0.00,3382222,3382,0.001 x 1.00 = 0.001,Author estimate (flat),"Author-set from Heikkinen & Jarvinen 2003 (colds), Kaur 2017 (otitis media), Centor 2015 (pharyngitis)"
2023,upper,rhino,Rhinovirus / enterovirus,40.0,1.0,1.0,40.0000,108.1020,37.00,3382222,135288889,40 x 1.00 = 40.000,"CDC NREVSS national trend, read by the author (not an exact ratio); EV-D68 years 2018/2022/2024 raised","Author-set from Heikkinen & Jarvinen 2003 (colds), Kaur 2017 (otitis media), Centor 2015 (pharyngitis)"
2023,upper,fluA,Influenza A,6.401,0.9284,,5.9428,108.1020,5.50,3382222,20100000,6.40 x (20.10M / 21.65M) = 5.943,"CDC flu burden by season, apportioned to calendar years; A/B split from FluView",
2023,upper,fluB,Influenza B,2.599,0.2389,,0.6209,108.1020,0.57,3382222,2100000,2.60 x (2.10M / 8.79M) = 0.621,"CDC flu burden by season, apportioned to calendar years; A/B split from FluView",
2023,upper,sars2,SARS-CoV-2,,,,10.4961,108.1020,9.71,3382222,35500000,35.5M x (9 / 30.44M) = 10.496,"CDC COVID-19 burden estimates and JAMA Intern Med 2026, apportioned to calendar years",
2023,upper,rsv,RSV,5.0,0.85,1.0,4.2500,108.1020,3.93,3382222,14374444,5 x 0.85 = 4.250,"CDC NREVSS national trend, read by the author (not an exact ratio); 2021 off-season and 2022 early surges","Author-set from Heikkinen & Jarvinen 2003 (colds), Kaur 2017 (otitis media), Centor 2015 (pharyngitis)"
2023,upper,hmpv,Human metapneumovirus,3.0,1.35,1.0,4.0500,108.1020,3.75,3382222,13698000,3 x 1.35 = 4.050,"CDC NREVSS national trend, read by the author (not an exact ratio); large 2023 spring season","Author-set from Heikkinen & Jarvinen 2003 (colds), Kaur 2017 (otitis media), Centor 2015 (pharyngitis)"
2023,upper,piv,Parainfluenza viruses,5.0,1.0,1.0,5.0000,108.1020,4.63,3382222,16911111,5 x 1.00 = 5.000,"CDC NREVSS national trend, read by the author (not an exact ratio)","Author-set from Heikkinen & Jarvinen 2003 (colds), Kaur 2017 (otitis media), Centor 2015 (pharyngitis)"
2023,upper,adeno,Adenovirus,5.0,1.0,1.0,5.0000,108.1020,4.63,3382222,16911111,5 x 1.00 = 5.000,"CDC NREVSS national trend, read by the author (not an exact ratio)","Author-set from Heikkinen & Jarvinen 2003 (colds), Kaur 2017 (otitis media), Centor 2015 (pharyngitis)"
2023,upper,hcov,Seasonal coronaviruses,11.0,1.0,1.0,11.0000,108.1020,10.18,3382222,37204444,11 x 1.00 = 11.000,"CDC NREVSS national trend, read by the author (not an exact ratio)","Author-set from Heikkinen & Jarvinen 2003 (colds), Kaur 2017 (otitis media), Centor 2015 (pharyngitis)"
2023,upper,spn,Streptococcus pneumoniae,3.5,1.0,1.0,3.5000,108.1020,3.24,3382222,11837778,3.5 x 1.00 = 3.500,Author estimate from CDC ABCs pneumococcal trends; PCV15/20/21 slow decline,"Author-set from Heikkinen & Jarvinen 2003 (colds), Kaur 2017 (otitis media), Centor 2015 (pharyngitis)"
2023,upper,gas,Streptococcus pyogenes,6.5,1.3,1.0,8.4500,108.1020,7.82,3382222,28579778,6.5 x 1.30 = 8.450,Author estimate from CDC ABCs group A strep trends; 2022-23 surge,"Author-set from Heikkinen & Jarvinen 2003 (colds), Kaur 2017 (otitis media), Centor 2015 (pharyngitis)"
2023,upper,hflu,Haemophilus influenzae,4.5,1.0,1.0,4.5000,108.1020,4.16,3382222,15220000,4.5 x 1.00 = 4.500,"Author estimate: typical-year 1.0, with a 2020-21 pandemic dip","Author-set from Heikkinen & Jarvinen 2003 (colds), Kaur 2017 (otitis media), Centor 2015 (pharyngitis)"
2023,upper,mcat,Moraxella catarrhalis,2.0,1.0,1.0,2.0000,108.1020,1.85,3382222,6764444,2 x 1.00 = 2.000,"Author estimate: typical-year 1.0, with a 2020-21 pandemic dip","Author-set from Heikkinen & Jarvinen 2003 (colds), Kaur 2017 (otitis media), Centor 2015 (pharyngitis)"
2023,upper,mpn,Mycoplasma pneumoniae,1.2,0.5,1.0,0.6000,108.1020,0.55,3382222,2029333,1.2 x 0.50 = 0.600,"Author estimate; 2024 = 2.6 from MMWR 2025 (pediatric CAP 12.5 vs 2.1 per 1,000)","Author-set from Heikkinen & Jarvinen 2003 (colds), Kaur 2017 (otitis media), Centor 2015 (pharyngitis)"
2023,upper,cpn,Chlamydia pneumoniae,0.5,0.85,1.0,0.4250,108.1020,0.39,3382222,1437444,0.5 x 0.85 = 0.425,Author estimate tracking the Mycoplasma pattern,"Author-set from Heikkinen & Jarvinen 2003 (colds), Kaur 2017 (otitis media), Centor 2015 (pharyngitis)"
2023,upper,bper,Bordetella pertussis,0.4,0.38,1.0,0.1520,108.1020,0.14,3382222,514098,0.4 x 0.38 = 0.152,"NNDSS pertussis cases / 18,386 (2015-19 mean); 2024 ~35,400, 2025 28,783; 2026 assumed","Author-set from Heikkinen & Jarvinen 2003 (colds), Kaur 2017 (otitis media), Centor 2015 (pharyngitis)"
2023,upper,leg,Legionella spp.,0.05,1.1,1.0,0.0550,108.1020,0.05,3382222,186022,0.05 x 1.10 = 0.055,NNDSS legionellosis cases (approximate) / 2015-19 mean,"Author-set from Heikkinen & Jarvinen 2003 (colds), Kaur 2017 (otitis media), Centor 2015 (pharyngitis)"
2023,upper,sau,Staphylococcus aureus,0.3,1.0,1.0,0.3000,108.1020,0.28,3382222,1014667,0.3 x 1.00 = 0.300,"Author estimate: typical-year 1.0, with a 2020-21 pandemic dip","Author-set from Heikkinen & Jarvinen 2003 (colds), Kaur 2017 (otitis media), Centor 2015 (pharyngitis)"
2023,upper,gnb,Gram-negative bacilli,0.1,1.0,1.0,0.1000,108.1020,0.09,3382222,338222,0.1 x 1.00 = 0.100,"Author estimate: typical-year 1.0, with a 2020-21 pandemic dip","Author-set from Heikkinen & Jarvinen 2003 (colds), Kaur 2017 (otitis media), Centor 2015 (pharyngitis)"
2023,upper,fnec,Fusobacterium necrophorum,0.8,1.0,1.0,0.8000,108.1020,0.74,3382222,2705778,0.8 x 1.00 = 0.800,"Author estimate: typical-year 1.0, with a 2020-21 pandemic dip","Author-set from Heikkinen & Jarvinen 2003 (colds), Kaur 2017 (otitis media), Centor 2015 (pharyngitis)"
2023,upper,gcs,Group C/G streptococci,0.8,1.0,1.0,0.8000,108.1020,0.74,3382222,2705778,0.8 x 1.00 = 0.800,"Author estimate: typical-year 1.0, with a 2020-21 pandemic dip","Author-set from Heikkinen & Jarvinen 2003 (colds), Kaur 2017 (otitis media), Centor 2015 (pharyngitis)"
2023,upper,mtb,Mycobacterium tuberculosis,0.005,1.05,1.0,0.0053,108.1020,0.00,3382222,17757,0.005 x 1.05 = 0.005,"NTSS TB cases / 9,173 (2015-19 mean); 2025 = 10,260","Author-set from Heikkinen & Jarvinen 2003 (colds), Kaur 2017 (otitis media), Centor 2015 (pharyngitis)"
2023,upper,cocci,Coccidioides spp.,0.0,1.6,1.0,0.0000,108.1020,0.00,3382222,0,0 x 1.60 = 0.000,NNDSS coccidioidomycosis cases (approximate) / 2015-19 mean,"Author-set from Heikkinen & Jarvinen 2003 (colds), Kaur 2017 (otitis media), Centor 2015 (pharyngitis)"
2023,upper,histo,Histoplasma capsulatum,0.0,1.0,1.0,0.0000,108.1020,0.00,3382222,0,0 x 1.00 = 0.000,Author estimate (flat),"Author-set from Heikkinen & Jarvinen 2003 (colds), Kaur 2017 (otitis media), Centor 2015 (pharyngitis)"
2023,upper,pjp,Pneumocystis jirovecii,0.0,0.88,1.0,0.0000,108.1020,0.00,3382222,0,0 x 0.88 = 0.000,Author estimate: slow decline with HIV treatment,"Author-set from Heikkinen & Jarvinen 2003 (colds), Kaur 2017 (otitis media), Centor 2015 (pharyngitis)"
2023,upper,asp,Aspergillus spp.,0.05,1.0,1.0,0.0500,108.1020,0.05,3382222,169111,0.05 x 1.00 = 0.050,Author estimate: COVID-associated aspergillosis 2020-22,"Author-set from Heikkinen & Jarvinen 2003 (colds), Kaur 2017 (otitis media), Centor 2015 (pharyngitis)"
2023,upper,blasto,Blastomyces spp.,0.0,1.25,1.0,0.0000,108.1020,0.00,3382222,0,0 x 1.25 = 0.000,Author estimate: 2023 Michigan outbreak,"Author-set from Heikkinen & Jarvinen 2003 (colds), Kaur 2017 (otitis media), Centor 2015 (pharyngitis)"
2023,upper,mucor,Mucorales,0.004,1.0,1.0,0.0040,108.1020,0.00,3382222,13529,0.004 x 1.00 = 0.004,Author estimate (flat),"Author-set from Heikkinen & Jarvinen 2003 (colds), Kaur 2017 (otitis media), Centor 2015 (pharyngitis)"
2023,upper,proto,Protozoa,0.001,1.0,1.0,0.0010,108.1020,0.00,3382222,3382,0.001 x 1.00 = 0.001,Author estimate (flat),"Author-set from Heikkinen & Jarvinen 2003 (colds), Kaur 2017 (otitis media), Centor 2015 (pharyngitis)"
2024,upper,rhino,Rhinovirus / enterovirus,40.0,1.05,1.0,42.0000,113.2134,37.10,3382222,142053333,40 x 1.05 = 42.000,"CDC NREVSS national trend, read by the author (not an exact ratio); EV-D68 years 2018/2022/2024 raised","Author-set from Heikkinen & Jarvinen 2003 (colds), Kaur 2017 (otitis media), Centor 2015 (pharyngitis)"
2024,upper,fluA,Influenza A,6.401,1.351,,8.6482,113.2134,7.64,3382222,29250000,6.40 x (29.25M / 21.65M) = 8.648,"CDC flu burden by season, apportioned to calendar years; A/B split from FluView",
2024,upper,fluB,Influenza B,2.599,0.7224,,1.8775,113.2134,1.66,3382222,6350000,2.60 x (6.35M / 8.79M) = 1.877,"CDC flu burden by season, apportioned to calendar years; A/B split from FluView",
2024,upper,sars2,SARS-CoV-2,,,,7.8351,113.2134,6.92,3382222,26500000,26.5M x (9 / 30.44M) = 7.835,"CDC COVID-19 burden estimates and JAMA Intern Med 2026, apportioned to calendar years",
2024,upper,rsv,RSV,5.0,0.95,1.0,4.7500,113.2134,4.20,3382222,16065556,5 x 0.95 = 4.750,"CDC NREVSS national trend, read by the author (not an exact ratio); 2021 off-season and 2022 early surges","Author-set from Heikkinen & Jarvinen 2003 (colds), Kaur 2017 (otitis media), Centor 2015 (pharyngitis)"
2024,upper,hmpv,Human metapneumovirus,3.0,1.0,1.0,3.0000,113.2134,2.65,3382222,10146667,3 x 1.00 = 3.000,"CDC NREVSS national trend, read by the author (not an exact ratio); large 2023 spring season","Author-set from Heikkinen & Jarvinen 2003 (colds), Kaur 2017 (otitis media), Centor 2015 (pharyngitis)"
2024,upper,piv,Parainfluenza viruses,5.0,1.0,1.0,5.0000,113.2134,4.42,3382222,16911111,5 x 1.00 = 5.000,"CDC NREVSS national trend, read by the author (not an exact ratio)","Author-set from Heikkinen & Jarvinen 2003 (colds), Kaur 2017 (otitis media), Centor 2015 (pharyngitis)"
2024,upper,adeno,Adenovirus,5.0,1.0,1.0,5.0000,113.2134,4.42,3382222,16911111,5 x 1.00 = 5.000,"CDC NREVSS national trend, read by the author (not an exact ratio)","Author-set from Heikkinen & Jarvinen 2003 (colds), Kaur 2017 (otitis media), Centor 2015 (pharyngitis)"
2024,upper,hcov,Seasonal coronaviruses,11.0,1.05,1.0,11.5500,113.2134,10.20,3382222,39064667,11 x 1.05 = 11.550,"CDC NREVSS national trend, read by the author (not an exact ratio)","Author-set from Heikkinen & Jarvinen 2003 (colds), Kaur 2017 (otitis media), Centor 2015 (pharyngitis)"
2024,upper,spn,Streptococcus pneumoniae,3.5,0.97,1.0,3.3950,113.2134,3.00,3382222,11482644,3.5 x 0.97 = 3.395,Author estimate from CDC ABCs pneumococcal trends; PCV15/20/21 slow decline,"Author-set from Heikkinen & Jarvinen 2003 (colds), Kaur 2017 (otitis media), Centor 2015 (pharyngitis)"
2024,upper,gas,Streptococcus pyogenes,6.5,1.1,1.0,7.1500,113.2134,6.31,3382222,24182889,6.5 x 1.10 = 7.150,Author estimate from CDC ABCs group A strep trends; 2022-23 surge,"Author-set from Heikkinen & Jarvinen 2003 (colds), Kaur 2017 (otitis media), Centor 2015 (pharyngitis)"
2024,upper,hflu,Haemophilus influenzae,4.5,1.0,1.0,4.5000,113.2134,3.97,3382222,15220000,4.5 x 1.00 = 4.500,"Author estimate: typical-year 1.0, with a 2020-21 pandemic dip","Author-set from Heikkinen & Jarvinen 2003 (colds), Kaur 2017 (otitis media), Centor 2015 (pharyngitis)"
2024,upper,mcat,Moraxella catarrhalis,2.0,1.0,1.0,2.0000,113.2134,1.77,3382222,6764444,2 x 1.00 = 2.000,"Author estimate: typical-year 1.0, with a 2020-21 pandemic dip","Author-set from Heikkinen & Jarvinen 2003 (colds), Kaur 2017 (otitis media), Centor 2015 (pharyngitis)"
2024,upper,mpn,Mycoplasma pneumoniae,1.2,2.6,1.0,3.1200,113.2134,2.76,3382222,10552533,1.2 x 2.60 = 3.120,"Author estimate; 2024 = 2.6 from MMWR 2025 (pediatric CAP 12.5 vs 2.1 per 1,000)","Author-set from Heikkinen & Jarvinen 2003 (colds), Kaur 2017 (otitis media), Centor 2015 (pharyngitis)"
2024,upper,cpn,Chlamydia pneumoniae,0.5,1.0,1.0,0.5000,113.2134,0.44,3382222,1691111,0.5 x 1.00 = 0.500,Author estimate tracking the Mycoplasma pattern,"Author-set from Heikkinen & Jarvinen 2003 (colds), Kaur 2017 (otitis media), Centor 2015 (pharyngitis)"
2024,upper,bper,Bordetella pertussis,0.4,1.93,1.0,0.7720,113.2134,0.68,3382222,2611076,0.4 x 1.93 = 0.772,"NNDSS pertussis cases / 18,386 (2015-19 mean); 2024 ~35,400, 2025 28,783; 2026 assumed","Author-set from Heikkinen & Jarvinen 2003 (colds), Kaur 2017 (otitis media), Centor 2015 (pharyngitis)"
2024,upper,leg,Legionella spp.,0.05,1.1,1.0,0.0550,113.2134,0.05,3382222,186022,0.05 x 1.10 = 0.055,NNDSS legionellosis cases (approximate) / 2015-19 mean,"Author-set from Heikkinen & Jarvinen 2003 (colds), Kaur 2017 (otitis media), Centor 2015 (pharyngitis)"
2024,upper,sau,Staphylococcus aureus,0.3,1.0,1.0,0.3000,113.2134,0.26,3382222,1014667,0.3 x 1.00 = 0.300,"Author estimate: typical-year 1.0, with a 2020-21 pandemic dip","Author-set from Heikkinen & Jarvinen 2003 (colds), Kaur 2017 (otitis media), Centor 2015 (pharyngitis)"
2024,upper,gnb,Gram-negative bacilli,0.1,1.0,1.0,0.1000,113.2134,0.09,3382222,338222,0.1 x 1.00 = 0.100,"Author estimate: typical-year 1.0, with a 2020-21 pandemic dip","Author-set from Heikkinen & Jarvinen 2003 (colds), Kaur 2017 (otitis media), Centor 2015 (pharyngitis)"
2024,upper,fnec,Fusobacterium necrophorum,0.8,1.0,1.0,0.8000,113.2134,0.71,3382222,2705778,0.8 x 1.00 = 0.800,"Author estimate: typical-year 1.0, with a 2020-21 pandemic dip","Author-set from Heikkinen & Jarvinen 2003 (colds), Kaur 2017 (otitis media), Centor 2015 (pharyngitis)"
2024,upper,gcs,Group C/G streptococci,0.8,1.0,1.0,0.8000,113.2134,0.71,3382222,2705778,0.8 x 1.00 = 0.800,"Author estimate: typical-year 1.0, with a 2020-21 pandemic dip","Author-set from Heikkinen & Jarvinen 2003 (colds), Kaur 2017 (otitis media), Centor 2015 (pharyngitis)"
2024,upper,mtb,Mycobacterium tuberculosis,0.005,1.13,1.0,0.0056,113.2134,0.00,3382222,19110,0.005 x 1.13 = 0.006,"NTSS TB cases / 9,173 (2015-19 mean); 2025 = 10,260","Author-set from Heikkinen & Jarvinen 2003 (colds), Kaur 2017 (otitis media), Centor 2015 (pharyngitis)"
2024,upper,cocci,Coccidioides spp.,0.0,1.9,1.0,0.0000,113.2134,0.00,3382222,0,0 x 1.90 = 0.000,NNDSS coccidioidomycosis cases (approximate) / 2015-19 mean,"Author-set from Heikkinen & Jarvinen 2003 (colds), Kaur 2017 (otitis media), Centor 2015 (pharyngitis)"
2024,upper,histo,Histoplasma capsulatum,0.0,1.0,1.0,0.0000,113.2134,0.00,3382222,0,0 x 1.00 = 0.000,Author estimate (flat),"Author-set from Heikkinen & Jarvinen 2003 (colds), Kaur 2017 (otitis media), Centor 2015 (pharyngitis)"
2024,upper,pjp,Pneumocystis jirovecii,0.0,0.86,1.0,0.0000,113.2134,0.00,3382222,0,0 x 0.86 = 0.000,Author estimate: slow decline with HIV treatment,"Author-set from Heikkinen & Jarvinen 2003 (colds), Kaur 2017 (otitis media), Centor 2015 (pharyngitis)"
2024,upper,asp,Aspergillus spp.,0.05,1.0,1.0,0.0500,113.2134,0.04,3382222,169111,0.05 x 1.00 = 0.050,Author estimate: COVID-associated aspergillosis 2020-22,"Author-set from Heikkinen & Jarvinen 2003 (colds), Kaur 2017 (otitis media), Centor 2015 (pharyngitis)"
2024,upper,blasto,Blastomyces spp.,0.0,1.0,1.0,0.0000,113.2134,0.00,3382222,0,0 x 1.00 = 0.000,Author estimate: 2023 Michigan outbreak,"Author-set from Heikkinen & Jarvinen 2003 (colds), Kaur 2017 (otitis media), Centor 2015 (pharyngitis)"
2024,upper,mucor,Mucorales,0.004,1.0,1.0,0.0040,113.2134,0.00,3382222,13529,0.004 x 1.00 = 0.004,Author estimate (flat),"Author-set from Heikkinen & Jarvinen 2003 (colds), Kaur 2017 (otitis media), Centor 2015 (pharyngitis)"
2024,upper,proto,Protozoa,0.001,1.0,1.0,0.0010,113.2134,0.00,3382222,3382,0.001 x 1.00 = 0.001,Author estimate (flat),"Author-set from Heikkinen & Jarvinen 2003 (colds), Kaur 2017 (otitis media), Centor 2015 (pharyngitis)"
2025,upper,rhino,Rhinovirus / enterovirus,40.0,1.0,1.0,40.0000,113.8898,35.12,3382222,135288889,40 x 1.00 = 40.000,"CDC NREVSS national trend, read by the author (not an exact ratio); EV-D68 years 2018/2022/2024 raised","Author-set from Heikkinen & Jarvinen 2003 (colds), Kaur 2017 (otitis media), Centor 2015 (pharyngitis)"
2025,upper,fluA,Influenza A,6.401,2.7898,,17.8581,113.8898,15.68,3382222,60400000,6.40 x (60.40M / 21.65M) = 17.858,"CDC flu burden by season, apportioned to calendar years; A/B split from FluView",
2025,upper,fluB,Influenza B,2.599,0.3185,,0.8279,113.8898,0.73,3382222,2800000,2.60 x (2.80M / 8.79M) = 0.828,"CDC flu burden by season, apportioned to calendar years; A/B split from FluView",
2025,upper,sars2,SARS-CoV-2,,,,4.5828,113.8898,4.02,3382222,15500000,15.5M x (9 / 30.44M) = 4.583,"CDC COVID-19 burden estimates and JAMA Intern Med 2026, apportioned to calendar years",
2025,upper,rsv,RSV,5.0,0.95,1.0,4.7500,113.8898,4.17,3382222,16065556,5 x 0.95 = 4.750,"CDC NREVSS national trend, read by the author (not an exact ratio); 2021 off-season and 2022 early surges","Author-set from Heikkinen & Jarvinen 2003 (colds), Kaur 2017 (otitis media), Centor 2015 (pharyngitis)"
2025,upper,hmpv,Human metapneumovirus,3.0,1.15,1.0,3.4500,113.8898,3.03,3382222,11668667,3 x 1.15 = 3.450,"CDC NREVSS national trend, read by the author (not an exact ratio); large 2023 spring season","Author-set from Heikkinen & Jarvinen 2003 (colds), Kaur 2017 (otitis media), Centor 2015 (pharyngitis)"
2025,upper,piv,Parainfluenza viruses,5.0,1.0,1.0,5.0000,113.8898,4.39,3382222,16911111,5 x 1.00 = 5.000,"CDC NREVSS national trend, read by the author (not an exact ratio)","Author-set from Heikkinen & Jarvinen 2003 (colds), Kaur 2017 (otitis media), Centor 2015 (pharyngitis)"
2025,upper,adeno,Adenovirus,5.0,1.0,1.0,5.0000,113.8898,4.39,3382222,16911111,5 x 1.00 = 5.000,"CDC NREVSS national trend, read by the author (not an exact ratio)","Author-set from Heikkinen & Jarvinen 2003 (colds), Kaur 2017 (otitis media), Centor 2015 (pharyngitis)"
2025,upper,hcov,Seasonal coronaviruses,11.0,1.0,1.0,11.0000,113.8898,9.66,3382222,37204444,11 x 1.00 = 11.000,"CDC NREVSS national trend, read by the author (not an exact ratio)","Author-set from Heikkinen & Jarvinen 2003 (colds), Kaur 2017 (otitis media), Centor 2015 (pharyngitis)"
2025,upper,spn,Streptococcus pneumoniae,3.5,0.94,1.0,3.2900,113.8898,2.89,3382222,11127511,3.5 x 0.94 = 3.290,Author estimate from CDC ABCs pneumococcal trends; PCV15/20/21 slow decline,"Author-set from Heikkinen & Jarvinen 2003 (colds), Kaur 2017 (otitis media), Centor 2015 (pharyngitis)"
2025,upper,gas,Streptococcus pyogenes,6.5,1.05,1.0,6.8250,113.8898,5.99,3382222,23083667,6.5 x 1.05 = 6.825,Author estimate from CDC ABCs group A strep trends; 2022-23 surge,"Author-set from Heikkinen & Jarvinen 2003 (colds), Kaur 2017 (otitis media), Centor 2015 (pharyngitis)"
2025,upper,hflu,Haemophilus influenzae,4.5,1.0,1.0,4.5000,113.8898,3.95,3382222,15220000,4.5 x 1.00 = 4.500,"Author estimate: typical-year 1.0, with a 2020-21 pandemic dip","Author-set from Heikkinen & Jarvinen 2003 (colds), Kaur 2017 (otitis media), Centor 2015 (pharyngitis)"
2025,upper,mcat,Moraxella catarrhalis,2.0,1.0,1.0,2.0000,113.8898,1.76,3382222,6764444,2 x 1.00 = 2.000,"Author estimate: typical-year 1.0, with a 2020-21 pandemic dip","Author-set from Heikkinen & Jarvinen 2003 (colds), Kaur 2017 (otitis media), Centor 2015 (pharyngitis)"
2025,upper,mpn,Mycoplasma pneumoniae,1.2,1.3,1.0,1.5600,113.8898,1.37,3382222,5276267,1.2 x 1.30 = 1.560,"Author estimate; 2024 = 2.6 from MMWR 2025 (pediatric CAP 12.5 vs 2.1 per 1,000)","Author-set from Heikkinen & Jarvinen 2003 (colds), Kaur 2017 (otitis media), Centor 2015 (pharyngitis)"
2025,upper,cpn,Chlamydia pneumoniae,0.5,1.0,1.0,0.5000,113.8898,0.44,3382222,1691111,0.5 x 1.00 = 0.500,Author estimate tracking the Mycoplasma pattern,"Author-set from Heikkinen & Jarvinen 2003 (colds), Kaur 2017 (otitis media), Centor 2015 (pharyngitis)"
2025,upper,bper,Bordetella pertussis,0.4,1.57,1.0,0.6280,113.8898,0.55,3382222,2124036,0.4 x 1.57 = 0.628,"NNDSS pertussis cases / 18,386 (2015-19 mean); 2024 ~35,400, 2025 28,783; 2026 assumed","Author-set from Heikkinen & Jarvinen 2003 (colds), Kaur 2017 (otitis media), Centor 2015 (pharyngitis)"
2025,upper,leg,Legionella spp.,0.05,1.15,1.0,0.0575,113.8898,0.05,3382222,194478,0.05 x 1.15 = 0.057,NNDSS legionellosis cases (approximate) / 2015-19 mean,"Author-set from Heikkinen & Jarvinen 2003 (colds), Kaur 2017 (otitis media), Centor 2015 (pharyngitis)"
2025,upper,sau,Staphylococcus aureus,0.3,1.0,1.0,0.3000,113.8898,0.26,3382222,1014667,0.3 x 1.00 = 0.300,"Author estimate: typical-year 1.0, with a 2020-21 pandemic dip","Author-set from Heikkinen & Jarvinen 2003 (colds), Kaur 2017 (otitis media), Centor 2015 (pharyngitis)"
2025,upper,gnb,Gram-negative bacilli,0.1,1.0,1.0,0.1000,113.8898,0.09,3382222,338222,0.1 x 1.00 = 0.100,"Author estimate: typical-year 1.0, with a 2020-21 pandemic dip","Author-set from Heikkinen & Jarvinen 2003 (colds), Kaur 2017 (otitis media), Centor 2015 (pharyngitis)"
2025,upper,fnec,Fusobacterium necrophorum,0.8,1.0,1.0,0.8000,113.8898,0.70,3382222,2705778,0.8 x 1.00 = 0.800,"Author estimate: typical-year 1.0, with a 2020-21 pandemic dip","Author-set from Heikkinen & Jarvinen 2003 (colds), Kaur 2017 (otitis media), Centor 2015 (pharyngitis)"
2025,upper,gcs,Group C/G streptococci,0.8,1.0,1.0,0.8000,113.8898,0.70,3382222,2705778,0.8 x 1.00 = 0.800,"Author estimate: typical-year 1.0, with a 2020-21 pandemic dip","Author-set from Heikkinen & Jarvinen 2003 (colds), Kaur 2017 (otitis media), Centor 2015 (pharyngitis)"
2025,upper,mtb,Mycobacterium tuberculosis,0.005,1.12,1.0,0.0056,113.8898,0.01,3382222,18940,0.005 x 1.12 = 0.006,"NTSS TB cases / 9,173 (2015-19 mean); 2025 = 10,260","Author-set from Heikkinen & Jarvinen 2003 (colds), Kaur 2017 (otitis media), Centor 2015 (pharyngitis)"
2025,upper,cocci,Coccidioides spp.,0.0,1.7,1.0,0.0000,113.8898,0.00,3382222,0,0 x 1.70 = 0.000,NNDSS coccidioidomycosis cases (approximate) / 2015-19 mean,"Author-set from Heikkinen & Jarvinen 2003 (colds), Kaur 2017 (otitis media), Centor 2015 (pharyngitis)"
2025,upper,histo,Histoplasma capsulatum,0.0,1.0,1.0,0.0000,113.8898,0.00,3382222,0,0 x 1.00 = 0.000,Author estimate (flat),"Author-set from Heikkinen & Jarvinen 2003 (colds), Kaur 2017 (otitis media), Centor 2015 (pharyngitis)"
2025,upper,pjp,Pneumocystis jirovecii,0.0,0.85,1.0,0.0000,113.8898,0.00,3382222,0,0 x 0.85 = 0.000,Author estimate: slow decline with HIV treatment,"Author-set from Heikkinen & Jarvinen 2003 (colds), Kaur 2017 (otitis media), Centor 2015 (pharyngitis)"
2025,upper,asp,Aspergillus spp.,0.05,1.0,1.0,0.0500,113.8898,0.05,3382222,169111,0.05 x 1.00 = 0.050,Author estimate: COVID-associated aspergillosis 2020-22,"Author-set from Heikkinen & Jarvinen 2003 (colds), Kaur 2017 (otitis media), Centor 2015 (pharyngitis)"
2025,upper,blasto,Blastomyces spp.,0.0,1.0,1.0,0.0000,113.8898,0.00,3382222,0,0 x 1.00 = 0.000,Author estimate: 2023 Michigan outbreak,"Author-set from Heikkinen & Jarvinen 2003 (colds), Kaur 2017 (otitis media), Centor 2015 (pharyngitis)"
2025,upper,mucor,Mucorales,0.004,1.0,1.0,0.0040,113.8898,0.00,3382222,13529,0.004 x 1.00 = 0.004,Author estimate (flat),"Author-set from Heikkinen & Jarvinen 2003 (colds), Kaur 2017 (otitis media), Centor 2015 (pharyngitis)"
2025,upper,proto,Protozoa,0.001,1.0,1.0,0.0010,113.8898,0.00,3382222,3382,0.001 x 1.00 = 0.001,Author estimate (flat),"Author-set from Heikkinen & Jarvinen 2003 (colds), Kaur 2017 (otitis media), Centor 2015 (pharyngitis)"
2026,upper,rhino,Rhinovirus / enterovirus,40.0,0.7,1.0,28.0000,72.2953,38.73,3382222,94702222,40 x 0.70 = 28.000,"CDC NREVSS national trend, read by the author (not an exact ratio); EV-D68 years 2018/2022/2024 raised","Author-set from Heikkinen & Jarvinen 2003 (colds), Kaur 2017 (otitis media), Centor 2015 (pharyngitis)"
2026,upper,fluA,Influenza A,6.401,0.642,,4.1097,72.2953,5.69,3382222,13900000,6.40 x (13.90M / 21.65M) = 4.110,"CDC flu burden by season, apportioned to calendar years; A/B split from FluView",
2026,upper,fluB,Influenza B,2.599,1.2856,,3.3410,72.2953,4.62,3382222,11300000,2.60 x (11.30M / 8.79M) = 3.341,"CDC flu burden by season, apportioned to calendar years; A/B split from FluView",
2026,upper,sars2,SARS-CoV-2,,,,2.9566,72.2953,4.09,3382222,10000000,10.0M x (9 / 30.44M) = 2.957,"CDC COVID-19 burden estimates and JAMA Intern Med 2026, apportioned to calendar years",
2026,upper,rsv,RSV,5.0,0.45,1.0,2.2500,72.2953,3.11,3382222,7610000,5 x 0.45 = 2.250,"CDC NREVSS national trend, read by the author (not an exact ratio); 2021 off-season and 2022 early surges","Author-set from Heikkinen & Jarvinen 2003 (colds), Kaur 2017 (otitis media), Centor 2015 (pharyngitis)"
2026,upper,hmpv,Human metapneumovirus,3.0,0.85,1.0,2.5500,72.2953,3.53,3382222,8624667,3 x 0.85 = 2.550,"CDC NREVSS national trend, read by the author (not an exact ratio); large 2023 spring season","Author-set from Heikkinen & Jarvinen 2003 (colds), Kaur 2017 (otitis media), Centor 2015 (pharyngitis)"
2026,upper,piv,Parainfluenza viruses,5.0,0.7,1.0,3.5000,72.2953,4.84,3382222,11837778,5 x 0.70 = 3.500,"CDC NREVSS national trend, read by the author (not an exact ratio)","Author-set from Heikkinen & Jarvinen 2003 (colds), Kaur 2017 (otitis media), Centor 2015 (pharyngitis)"
2026,upper,adeno,Adenovirus,5.0,0.75,1.0,3.7500,72.2953,5.19,3382222,12683333,5 x 0.75 = 3.750,"CDC NREVSS national trend, read by the author (not an exact ratio)","Author-set from Heikkinen & Jarvinen 2003 (colds), Kaur 2017 (otitis media), Centor 2015 (pharyngitis)"
2026,upper,hcov,Seasonal coronaviruses,11.0,0.65,1.0,7.1500,72.2953,9.89,3382222,24182889,11 x 0.65 = 7.150,"CDC NREVSS national trend, read by the author (not an exact ratio)","Author-set from Heikkinen & Jarvinen 2003 (colds), Kaur 2017 (otitis media), Centor 2015 (pharyngitis)"
2026,upper,spn,Streptococcus pneumoniae,3.5,0.64,1.0,2.2400,72.2953,3.10,3382222,7576178,3.5 x 0.64 = 2.240,Author estimate from CDC ABCs pneumococcal trends; PCV15/20/21 slow decline,"Author-set from Heikkinen & Jarvinen 2003 (colds), Kaur 2017 (otitis media), Centor 2015 (pharyngitis)"
2026,upper,gas,Streptococcus pyogenes,6.5,0.75,1.0,4.8750,72.2953,6.74,3382222,16488333,6.5 x 0.75 = 4.875,Author estimate from CDC ABCs group A strep trends; 2022-23 surge,"Author-set from Heikkinen & Jarvinen 2003 (colds), Kaur 2017 (otitis media), Centor 2015 (pharyngitis)"
2026,upper,hflu,Haemophilus influenzae,4.5,0.7,1.0,3.1500,72.2953,4.36,3382222,10654000,4.5 x 0.70 = 3.150,"Author estimate: typical-year 1.0, with a 2020-21 pandemic dip","Author-set from Heikkinen & Jarvinen 2003 (colds), Kaur 2017 (otitis media), Centor 2015 (pharyngitis)"
2026,upper,mcat,Moraxella catarrhalis,2.0,0.7,1.0,1.4000,72.2953,1.94,3382222,4735111,2 x 0.70 = 1.400,"Author estimate: typical-year 1.0, with a 2020-21 pandemic dip","Author-set from Heikkinen & Jarvinen 2003 (colds), Kaur 2017 (otitis media), Centor 2015 (pharyngitis)"
2026,upper,mpn,Mycoplasma pneumoniae,1.2,0.65,1.0,0.7800,72.2953,1.08,3382222,2638133,1.2 x 0.65 = 0.780,"Author estimate; 2024 = 2.6 from MMWR 2025 (pediatric CAP 12.5 vs 2.1 per 1,000)","Author-set from Heikkinen & Jarvinen 2003 (colds), Kaur 2017 (otitis media), Centor 2015 (pharyngitis)"
2026,upper,cpn,Chlamydia pneumoniae,0.5,0.75,1.0,0.3750,72.2953,0.52,3382222,1268333,0.5 x 0.75 = 0.375,Author estimate tracking the Mycoplasma pattern,"Author-set from Heikkinen & Jarvinen 2003 (colds), Kaur 2017 (otitis media), Centor 2015 (pharyngitis)"
2026,upper,bper,Bordetella pertussis,0.4,0.71,1.0,0.2840,72.2953,0.39,3382222,960551,0.4 x 0.71 = 0.284,"NNDSS pertussis cases / 18,386 (2015-19 mean); 2024 ~35,400, 2025 28,783; 2026 assumed","Author-set from Heikkinen & Jarvinen 2003 (colds), Kaur 2017 (otitis media), Centor 2015 (pharyngitis)"
2026,upper,leg,Legionella spp.,0.05,0.77,1.0,0.0385,72.2953,0.05,3382222,130216,0.05 x 0.77 = 0.039,NNDSS legionellosis cases (approximate) / 2015-19 mean,"Author-set from Heikkinen & Jarvinen 2003 (colds), Kaur 2017 (otitis media), Centor 2015 (pharyngitis)"
2026,upper,sau,Staphylococcus aureus,0.3,0.75,1.0,0.2250,72.2953,0.31,3382222,761000,0.3 x 0.75 = 0.225,"Author estimate: typical-year 1.0, with a 2020-21 pandemic dip","Author-set from Heikkinen & Jarvinen 2003 (colds), Kaur 2017 (otitis media), Centor 2015 (pharyngitis)"
2026,upper,gnb,Gram-negative bacilli,0.1,0.75,1.0,0.0750,72.2953,0.10,3382222,253667,0.1 x 0.75 = 0.075,"Author estimate: typical-year 1.0, with a 2020-21 pandemic dip","Author-set from Heikkinen & Jarvinen 2003 (colds), Kaur 2017 (otitis media), Centor 2015 (pharyngitis)"
2026,upper,fnec,Fusobacterium necrophorum,0.8,0.75,1.0,0.6000,72.2953,0.83,3382222,2029333,0.8 x 0.75 = 0.600,"Author estimate: typical-year 1.0, with a 2020-21 pandemic dip","Author-set from Heikkinen & Jarvinen 2003 (colds), Kaur 2017 (otitis media), Centor 2015 (pharyngitis)"
2026,upper,gcs,Group C/G streptococci,0.8,0.75,1.0,0.6000,72.2953,0.83,3382222,2029333,0.8 x 0.75 = 0.600,"Author estimate: typical-year 1.0, with a 2020-21 pandemic dip","Author-set from Heikkinen & Jarvinen 2003 (colds), Kaur 2017 (otitis media), Centor 2015 (pharyngitis)"
2026,upper,mtb,Mycobacterium tuberculosis,0.005,0.83,1.0,0.0042,72.2953,0.01,3382222,14036,0.005 x 0.83 = 0.004,"NTSS TB cases / 9,173 (2015-19 mean); 2025 = 10,260","Author-set from Heikkinen & Jarvinen 2003 (colds), Kaur 2017 (otitis media), Centor 2015 (pharyngitis)"
2026,upper,cocci,Coccidioides spp.,0.0,1.04,1.0,0.0000,72.2953,0.00,3382222,0,0 x 1.04 = 0.000,NNDSS coccidioidomycosis cases (approximate) / 2015-19 mean,"Author-set from Heikkinen & Jarvinen 2003 (colds), Kaur 2017 (otitis media), Centor 2015 (pharyngitis)"
2026,upper,histo,Histoplasma capsulatum,0.0,0.75,1.0,0.0000,72.2953,0.00,3382222,0,0 x 0.75 = 0.000,Author estimate (flat),"Author-set from Heikkinen & Jarvinen 2003 (colds), Kaur 2017 (otitis media), Centor 2015 (pharyngitis)"
2026,upper,pjp,Pneumocystis jirovecii,0.0,0.64,1.0,0.0000,72.2953,0.00,3382222,0,0 x 0.64 = 0.000,Author estimate: slow decline with HIV treatment,"Author-set from Heikkinen & Jarvinen 2003 (colds), Kaur 2017 (otitis media), Centor 2015 (pharyngitis)"
2026,upper,asp,Aspergillus spp.,0.05,0.75,1.0,0.0375,72.2953,0.05,3382222,126833,0.05 x 0.75 = 0.038,Author estimate: COVID-associated aspergillosis 2020-22,"Author-set from Heikkinen & Jarvinen 2003 (colds), Kaur 2017 (otitis media), Centor 2015 (pharyngitis)"
2026,upper,blasto,Blastomyces spp.,0.0,0.75,1.0,0.0000,72.2953,0.00,3382222,0,0 x 0.75 = 0.000,Author estimate: 2023 Michigan outbreak,"Author-set from Heikkinen & Jarvinen 2003 (colds), Kaur 2017 (otitis media), Centor 2015 (pharyngitis)"
2026,upper,mucor,Mucorales,0.004,0.75,1.0,0.0030,72.2953,0.00,3382222,10147,0.004 x 0.75 = 0.003,Author estimate (flat),"Author-set from Heikkinen & Jarvinen 2003 (colds), Kaur 2017 (otitis media), Centor 2015 (pharyngitis)"
2026,upper,proto,Protozoa,0.001,0.75,1.0,0.0008,72.2953,0.00,3382222,2537,0.001 x 0.75 = 0.001,Author estimate (flat),"Author-set from Heikkinen & Jarvinen 2003 (colds), Kaur 2017 (otitis media), Centor 2015 (pharyngitis)"
2015,lower,rhino,Rhinovirus / enterovirus,19.0,1.0,1.0,19.0000,91.2070,20.83,304400,5783600,19 x 1.00 = 19.000,"CDC NREVSS national trend, read by the author (not an exact ratio); EV-D68 years 2018/2022/2024 raised","Author-set from the CDC EPIC studies (Jain 2015, NEJM, adults and children)"
2015,lower,fluA,Influenza A,10.669,0.612,,6.5292,91.2070,7.16,304400,1987500,10.67 x (13.25M / 21.65M) = 6.529,"CDC flu burden by season, apportioned to calendar years; A/B split from FluView",
2015,lower,fluB,Influenza B,4.331,0.5859,,2.5378,91.2070,2.78,304400,772500,4.33 x (5.15M / 8.79M) = 2.538,"CDC flu burden by season, apportioned to calendar years; A/B split from FluView",
2015,lower,sars2,SARS-CoV-2,,,,0.0000,91.2070,0.00,304400,0,0.0M x (15 / 30.44M) x 1.00 LRTI factor = 0.000,"CDC COVID-19 burden estimates and JAMA Intern Med 2026, apportioned to calendar years",
2015,lower,rsv,RSV,15.0,0.95,1.0,14.2500,91.2070,15.62,304400,4337700,15 x 0.95 = 14.250,"CDC NREVSS national trend, read by the author (not an exact ratio); 2021 off-season and 2022 early surges","Author-set from the CDC EPIC studies (Jain 2015, NEJM, adults and children)"
2015,lower,hmpv,Human metapneumovirus,7.0,1.0,1.0,7.0000,91.2070,7.68,304400,2130800,7 x 1.00 = 7.000,"CDC NREVSS national trend, read by the author (not an exact ratio); large 2023 spring season","Author-set from the CDC EPIC studies (Jain 2015, NEJM, adults and children)"
2015,lower,piv,Parainfluenza viruses,5.5,1.05,1.0,5.7750,91.2070,6.33,304400,1757910,5.5 x 1.05 = 5.775,"CDC NREVSS national trend, read by the author (not an exact ratio)","Author-set from the CDC EPIC studies (Jain 2015, NEJM, adults and children)"
2015,lower,adeno,Adenovirus,4.5,1.0,1.0,4.5000,91.2070,4.93,304400,1369800,4.5 x 1.00 = 4.500,"CDC NREVSS national trend, read by the author (not an exact ratio)","Author-set from the CDC EPIC studies (Jain 2015, NEJM, adults and children)"
2015,lower,hcov,Seasonal coronaviruses,4.5,1.0,1.0,4.5000,91.2070,4.93,304400,1369800,4.5 x 1.00 = 4.500,"CDC NREVSS national trend, read by the author (not an exact ratio)","Author-set from the CDC EPIC studies (Jain 2015, NEJM, adults and children)"
2015,lower,spn,Streptococcus pneumoniae,8.5,1.04,1.0,8.8400,91.2070,9.69,304400,2690896,8.5 x 1.04 = 8.840,Author estimate from CDC ABCs pneumococcal trends; PCV15/20/21 slow decline,"Author-set from the CDC EPIC studies (Jain 2015, NEJM, adults and children)"
2015,lower,gas,Streptococcus pyogenes,0.4,0.95,1.0,0.3800,91.2070,0.42,304400,115672,0.4 x 0.95 = 0.380,Author estimate from CDC ABCs group A strep trends; 2022-23 surge,"Author-set from the CDC EPIC studies (Jain 2015, NEJM, adults and children)"
2015,lower,hflu,Haemophilus influenzae,3.0,1.0,1.0,3.0000,91.2070,3.29,304400,913200,3 x 1.00 = 3.000,"Author estimate: typical-year 1.0, with a 2020-21 pandemic dip","Author-set from the CDC EPIC studies (Jain 2015, NEJM, adults and children)"
2015,lower,mcat,Moraxella catarrhalis,1.2,1.0,1.0,1.2000,91.2070,1.32,304400,365280,1.2 x 1.00 = 1.200,"Author estimate: typical-year 1.0, with a 2020-21 pandemic dip","Author-set from the CDC EPIC studies (Jain 2015, NEJM, adults and children)"
2015,lower,mpn,Mycoplasma pneumoniae,5.0,1.0,1.0,5.0000,91.2070,5.48,304400,1522000,5 x 1.00 = 5.000,"Author estimate; 2024 = 2.6 from MMWR 2025 (pediatric CAP 12.5 vs 2.1 per 1,000)","Author-set from the CDC EPIC studies (Jain 2015, NEJM, adults and children)"
2015,lower,cpn,Chlamydia pneumoniae,1.5,1.0,1.0,1.5000,91.2070,1.65,304400,456600,1.5 x 1.00 = 1.500,Author estimate tracking the Mycoplasma pattern,"Author-set from the CDC EPIC studies (Jain 2015, NEJM, adults and children)"
2015,lower,bper,Bordetella pertussis,1.2,1.13,1.0,1.3560,91.2070,1.49,304400,412766,1.2 x 1.13 = 1.356,"NNDSS pertussis cases / 18,386 (2015-19 mean); 2024 ~35,400, 2025 28,783; 2026 assumed","Author-set from the CDC EPIC studies (Jain 2015, NEJM, adults and children)"
2015,lower,leg,Legionella spp.,0.6,0.78,1.0,0.4680,91.2070,0.51,304400,142459,0.6 x 0.78 = 0.468,NNDSS legionellosis cases (approximate) / 2015-19 mean,"Author-set from the CDC EPIC studies (Jain 2015, NEJM, adults and children)"
2015,lower,sau,Staphylococcus aureus,2.2,1.0,1.0,2.2000,91.2070,2.41,304400,669680,2.2 x 1.00 = 2.200,"Author estimate: typical-year 1.0, with a 2020-21 pandemic dip","Author-set from the CDC EPIC studies (Jain 2015, NEJM, adults and children)"
2015,lower,gnb,Gram-negative bacilli,2.0,1.0,1.0,2.0000,91.2070,2.19,304400,608800,2 x 1.00 = 2.000,"Author estimate: typical-year 1.0, with a 2020-21 pandemic dip","Author-set from the CDC EPIC studies (Jain 2015, NEJM, adults and children)"
2015,lower,fnec,Fusobacterium necrophorum,0.02,1.0,1.0,0.0200,91.2070,0.02,304400,6088,0.02 x 1.00 = 0.020,"Author estimate: typical-year 1.0, with a 2020-21 pandemic dip","Author-set from the CDC EPIC studies (Jain 2015, NEJM, adults and children)"
2015,lower,gcs,Group C/G streptococci,0.05,1.0,1.0,0.0500,91.2070,0.06,304400,15220,0.05 x 1.00 = 0.050,"Author estimate: typical-year 1.0, with a 2020-21 pandemic dip","Author-set from the CDC EPIC studies (Jain 2015, NEJM, adults and children)"
2015,lower,mtb,Mycobacterium tuberculosis,0.15,1.04,1.0,0.1560,91.2070,0.17,304400,47486,0.15 x 1.04 = 0.156,"NTSS TB cases / 9,173 (2015-19 mean); 2025 = 10,260","Author-set from the CDC EPIC studies (Jain 2015, NEJM, adults and children)"
2015,lower,cocci,Coccidioides spp.,0.5,0.8,1.0,0.4000,91.2070,0.44,304400,121760,0.5 x 0.80 = 0.400,NNDSS coccidioidomycosis cases (approximate) / 2015-19 mean,"Author-set from the CDC EPIC studies (Jain 2015, NEJM, adults and children)"
2015,lower,histo,Histoplasma capsulatum,0.25,1.0,1.0,0.2500,91.2070,0.28,304400,76100,0.25 x 1.00 = 0.250,Author estimate (flat),"Author-set from the CDC EPIC studies (Jain 2015, NEJM, adults and children)"
2015,lower,pjp,Pneumocystis jirovecii,0.12,1.1,1.0,0.1320,91.2070,0.15,304400,40181,0.12 x 1.10 = 0.132,Author estimate: slow decline with HIV treatment,"Author-set from the CDC EPIC studies (Jain 2015, NEJM, adults and children)"
2015,lower,asp,Aspergillus spp.,0.12,1.0,1.0,0.1200,91.2070,0.13,304400,36528,0.12 x 1.00 = 0.120,Author estimate: COVID-associated aspergillosis 2020-22,"Author-set from the CDC EPIC studies (Jain 2015, NEJM, adults and children)"
2015,lower,blasto,Blastomyces spp.,0.03,1.0,1.0,0.0300,91.2070,0.03,304400,9132,0.03 x 1.00 = 0.030,Author estimate: 2023 Michigan outbreak,"Author-set from the CDC EPIC studies (Jain 2015, NEJM, adults and children)"
2015,lower,mucor,Mucorales,0.01,1.0,1.0,0.0100,91.2070,0.01,304400,3044,0.01 x 1.00 = 0.010,Author estimate (flat),"Author-set from the CDC EPIC studies (Jain 2015, NEJM, adults and children)"
2015,lower,proto,Protozoa,0.003,1.0,1.0,0.0030,91.2070,0.00,304400,913,0.003 x 1.00 = 0.003,Author estimate (flat),"Author-set from the CDC EPIC studies (Jain 2015, NEJM, adults and children)"
2016,lower,rhino,Rhinovirus / enterovirus,19.0,1.0,1.0,19.0000,95.0277,19.99,304400,5783600,19 x 1.00 = 19.000,"CDC NREVSS national trend, read by the author (not an exact ratio); EV-D68 years 2018/2022/2024 raised","Author-set from the CDC EPIC studies (Jain 2015, NEJM, adults and children)"
2016,lower,fluA,Influenza A,10.669,0.873,,9.3134,95.0277,9.80,304400,2835000,10.67 x (18.90M / 21.65M) = 9.313,"CDC flu burden by season, apportioned to calendar years; A/B split from FluView",
2016,lower,fluB,Influenza B,4.331,0.8532,,3.6958,95.0277,3.89,304400,1125000,4.33 x (7.50M / 8.79M) = 3.696,"CDC flu burden by season, apportioned to calendar years; A/B split from FluView",
2016,lower,sars2,SARS-CoV-2,,,,0.0000,95.0277,0.00,304400,0,0.0M x (15 / 30.44M) x 1.00 LRTI factor = 0.000,"CDC COVID-19 burden estimates and JAMA Intern Med 2026, apportioned to calendar years",
2016,lower,rsv,RSV,15.0,1.0,1.0,15.0000,95.0277,15.79,304400,4566000,15 x 1.00 = 15.000,"CDC NREVSS national trend, read by the author (not an exact ratio); 2021 off-season and 2022 early surges","Author-set from the CDC EPIC studies (Jain 2015, NEJM, adults and children)"
2016,lower,hmpv,Human metapneumovirus,7.0,1.0,1.0,7.0000,95.0277,7.37,304400,2130800,7 x 1.00 = 7.000,"CDC NREVSS national trend, read by the author (not an exact ratio); large 2023 spring season","Author-set from the CDC EPIC studies (Jain 2015, NEJM, adults and children)"
2016,lower,piv,Parainfluenza viruses,5.5,0.95,1.0,5.2250,95.0277,5.50,304400,1590490,5.5 x 0.95 = 5.225,"CDC NREVSS national trend, read by the author (not an exact ratio)","Author-set from the CDC EPIC studies (Jain 2015, NEJM, adults and children)"
2016,lower,adeno,Adenovirus,4.5,1.0,1.0,4.5000,95.0277,4.74,304400,1369800,4.5 x 1.00 = 4.500,"CDC NREVSS national trend, read by the author (not an exact ratio)","Author-set from the CDC EPIC studies (Jain 2015, NEJM, adults and children)"
2016,lower,hcov,Seasonal coronaviruses,4.5,0.95,1.0,4.2750,95.0277,4.50,304400,1301310,4.5 x 0.95 = 4.275,"CDC NREVSS national trend, read by the author (not an exact ratio)","Author-set from the CDC EPIC studies (Jain 2015, NEJM, adults and children)"
2016,lower,spn,Streptococcus pneumoniae,8.5,1.02,1.0,8.6700,95.0277,9.12,304400,2639148,8.5 x 1.02 = 8.670,Author estimate from CDC ABCs pneumococcal trends; PCV15/20/21 slow decline,"Author-set from the CDC EPIC studies (Jain 2015, NEJM, adults and children)"
2016,lower,gas,Streptococcus pyogenes,0.4,0.97,1.0,0.3880,95.0277,0.41,304400,118107,0.4 x 0.97 = 0.388,Author estimate from CDC ABCs group A strep trends; 2022-23 surge,"Author-set from the CDC EPIC studies (Jain 2015, NEJM, adults and children)"
2016,lower,hflu,Haemophilus influenzae,3.0,1.0,1.0,3.0000,95.0277,3.16,304400,913200,3 x 1.00 = 3.000,"Author estimate: typical-year 1.0, with a 2020-21 pandemic dip","Author-set from the CDC EPIC studies (Jain 2015, NEJM, adults and children)"
2016,lower,mcat,Moraxella catarrhalis,1.2,1.0,1.0,1.2000,95.0277,1.26,304400,365280,1.2 x 1.00 = 1.200,"Author estimate: typical-year 1.0, with a 2020-21 pandemic dip","Author-set from the CDC EPIC studies (Jain 2015, NEJM, adults and children)"
2016,lower,mpn,Mycoplasma pneumoniae,5.0,1.05,1.0,5.2500,95.0277,5.52,304400,1598100,5 x 1.05 = 5.250,"Author estimate; 2024 = 2.6 from MMWR 2025 (pediatric CAP 12.5 vs 2.1 per 1,000)","Author-set from the CDC EPIC studies (Jain 2015, NEJM, adults and children)"
2016,lower,cpn,Chlamydia pneumoniae,1.5,1.0,1.0,1.5000,95.0277,1.58,304400,456600,1.5 x 1.00 = 1.500,Author estimate tracking the Mycoplasma pattern,"Author-set from the CDC EPIC studies (Jain 2015, NEJM, adults and children)"
2016,lower,bper,Bordetella pertussis,1.2,0.98,1.0,1.1760,95.0277,1.24,304400,357974,1.2 x 0.98 = 1.176,"NNDSS pertussis cases / 18,386 (2015-19 mean); 2024 ~35,400, 2025 28,783; 2026 assumed","Author-set from the CDC EPIC studies (Jain 2015, NEJM, adults and children)"
2016,lower,leg,Legionella spp.,0.6,0.79,1.0,0.4740,95.0277,0.50,304400,144286,0.6 x 0.79 = 0.474,NNDSS legionellosis cases (approximate) / 2015-19 mean,"Author-set from the CDC EPIC studies (Jain 2015, NEJM, adults and children)"
2016,lower,sau,Staphylococcus aureus,2.2,1.0,1.0,2.2000,95.0277,2.32,304400,669680,2.2 x 1.00 = 2.200,"Author estimate: typical-year 1.0, with a 2020-21 pandemic dip","Author-set from the CDC EPIC studies (Jain 2015, NEJM, adults and children)"
2016,lower,gnb,Gram-negative bacilli,2.0,1.0,1.0,2.0000,95.0277,2.10,304400,608800,2 x 1.00 = 2.000,"Author estimate: typical-year 1.0, with a 2020-21 pandemic dip","Author-set from the CDC EPIC studies (Jain 2015, NEJM, adults and children)"
2016,lower,fnec,Fusobacterium necrophorum,0.02,1.0,1.0,0.0200,95.0277,0.02,304400,6088,0.02 x 1.00 = 0.020,"Author estimate: typical-year 1.0, with a 2020-21 pandemic dip","Author-set from the CDC EPIC studies (Jain 2015, NEJM, adults and children)"
2016,lower,gcs,Group C/G streptococci,0.05,1.0,1.0,0.0500,95.0277,0.05,304400,15220,0.05 x 1.00 = 0.050,"Author estimate: typical-year 1.0, with a 2020-21 pandemic dip","Author-set from the CDC EPIC studies (Jain 2015, NEJM, adults and children)"
2016,lower,mtb,Mycobacterium tuberculosis,0.15,1.01,1.0,0.1515,95.0277,0.16,304400,46117,0.15 x 1.01 = 0.151,"NTSS TB cases / 9,173 (2015-19 mean); 2025 = 10,260","Author-set from the CDC EPIC studies (Jain 2015, NEJM, adults and children)"
2016,lower,cocci,Coccidioides spp.,0.5,0.8,1.0,0.4000,95.0277,0.42,304400,121760,0.5 x 0.80 = 0.400,NNDSS coccidioidomycosis cases (approximate) / 2015-19 mean,"Author-set from the CDC EPIC studies (Jain 2015, NEJM, adults and children)"
2016,lower,histo,Histoplasma capsulatum,0.25,1.0,1.0,0.2500,95.0277,0.26,304400,76100,0.25 x 1.00 = 0.250,Author estimate (flat),"Author-set from the CDC EPIC studies (Jain 2015, NEJM, adults and children)"
2016,lower,pjp,Pneumocystis jirovecii,0.12,1.05,1.0,0.1260,95.0277,0.13,304400,38354,0.12 x 1.05 = 0.126,Author estimate: slow decline with HIV treatment,"Author-set from the CDC EPIC studies (Jain 2015, NEJM, adults and children)"
2016,lower,asp,Aspergillus spp.,0.12,1.0,1.0,0.1200,95.0277,0.13,304400,36528,0.12 x 1.00 = 0.120,Author estimate: COVID-associated aspergillosis 2020-22,"Author-set from the CDC EPIC studies (Jain 2015, NEJM, adults and children)"
2016,lower,blasto,Blastomyces spp.,0.03,1.0,1.0,0.0300,95.0277,0.03,304400,9132,0.03 x 1.00 = 0.030,Author estimate: 2023 Michigan outbreak,"Author-set from the CDC EPIC studies (Jain 2015, NEJM, adults and children)"
2016,lower,mucor,Mucorales,0.01,1.0,1.0,0.0100,95.0277,0.01,304400,3044,0.01 x 1.00 = 0.010,Author estimate (flat),"Author-set from the CDC EPIC studies (Jain 2015, NEJM, adults and children)"
2016,lower,proto,Protozoa,0.003,1.0,1.0,0.0030,95.0277,0.00,304400,913,0.003 x 1.00 = 0.003,Author estimate (flat),"Author-set from the CDC EPIC studies (Jain 2015, NEJM, adults and children)"
2017,lower,rhino,Rhinovirus / enterovirus,19.0,1.0,1.0,19.0000,98.4967,19.29,304400,5783600,19 x 1.00 = 19.000,"CDC NREVSS national trend, read by the author (not an exact ratio); EV-D68 years 2018/2022/2024 raised","Author-set from the CDC EPIC studies (Jain 2015, NEJM, adults and children)"
2017,lower,fluA,Influenza A,10.669,1.0901,,11.6294,98.4967,11.81,304400,3540000,10.67 x (23.60M / 21.65M) = 11.629,"CDC flu burden by season, apportioned to calendar years; A/B split from FluView",
2017,lower,fluB,Influenza B,4.331,1.058,,4.5828,98.4967,4.65,304400,1395000,4.33 x (9.30M / 8.79M) = 4.583,"CDC flu burden by season, apportioned to calendar years; A/B split from FluView",
2017,lower,sars2,SARS-CoV-2,,,,0.0000,98.4967,0.00,304400,0,0.0M x (15 / 30.44M) x 1.00 LRTI factor = 0.000,"CDC COVID-19 burden estimates and JAMA Intern Med 2026, apportioned to calendar years",
2017,lower,rsv,RSV,15.0,1.0,1.0,15.0000,98.4967,15.23,304400,4566000,15 x 1.00 = 15.000,"CDC NREVSS national trend, read by the author (not an exact ratio); 2021 off-season and 2022 early surges","Author-set from the CDC EPIC studies (Jain 2015, NEJM, adults and children)"
2017,lower,hmpv,Human metapneumovirus,7.0,0.95,1.0,6.6500,98.4967,6.75,304400,2024260,7 x 0.95 = 6.650,"CDC NREVSS national trend, read by the author (not an exact ratio); large 2023 spring season","Author-set from the CDC EPIC studies (Jain 2015, NEJM, adults and children)"
2017,lower,piv,Parainfluenza viruses,5.5,1.05,1.0,5.7750,98.4967,5.86,304400,1757910,5.5 x 1.05 = 5.775,"CDC NREVSS national trend, read by the author (not an exact ratio)","Author-set from the CDC EPIC studies (Jain 2015, NEJM, adults and children)"
2017,lower,adeno,Adenovirus,4.5,1.0,1.0,4.5000,98.4967,4.57,304400,1369800,4.5 x 1.00 = 4.500,"CDC NREVSS national trend, read by the author (not an exact ratio)","Author-set from the CDC EPIC studies (Jain 2015, NEJM, adults and children)"
2017,lower,hcov,Seasonal coronaviruses,4.5,1.05,1.0,4.7250,98.4967,4.80,304400,1438290,4.5 x 1.05 = 4.725,"CDC NREVSS national trend, read by the author (not an exact ratio)","Author-set from the CDC EPIC studies (Jain 2015, NEJM, adults and children)"
2017,lower,spn,Streptococcus pneumoniae,8.5,1.0,1.0,8.5000,98.4967,8.63,304400,2587400,8.5 x 1.00 = 8.500,Author estimate from CDC ABCs pneumococcal trends; PCV15/20/21 slow decline,"Author-set from the CDC EPIC studies (Jain 2015, NEJM, adults and children)"
2017,lower,gas,Streptococcus pyogenes,0.4,1.0,1.0,0.4000,98.4967,0.41,304400,121760,0.4 x 1.00 = 0.400,Author estimate from CDC ABCs group A strep trends; 2022-23 surge,"Author-set from the CDC EPIC studies (Jain 2015, NEJM, adults and children)"
2017,lower,hflu,Haemophilus influenzae,3.0,1.0,1.0,3.0000,98.4967,3.05,304400,913200,3 x 1.00 = 3.000,"Author estimate: typical-year 1.0, with a 2020-21 pandemic dip","Author-set from the CDC EPIC studies (Jain 2015, NEJM, adults and children)"
2017,lower,mcat,Moraxella catarrhalis,1.2,1.0,1.0,1.2000,98.4967,1.22,304400,365280,1.2 x 1.00 = 1.200,"Author estimate: typical-year 1.0, with a 2020-21 pandemic dip","Author-set from the CDC EPIC studies (Jain 2015, NEJM, adults and children)"
2017,lower,mpn,Mycoplasma pneumoniae,5.0,0.95,1.0,4.7500,98.4967,4.82,304400,1445900,5 x 0.95 = 4.750,"Author estimate; 2024 = 2.6 from MMWR 2025 (pediatric CAP 12.5 vs 2.1 per 1,000)","Author-set from the CDC EPIC studies (Jain 2015, NEJM, adults and children)"
2017,lower,cpn,Chlamydia pneumoniae,1.5,1.0,1.0,1.5000,98.4967,1.52,304400,456600,1.5 x 1.00 = 1.500,Author estimate tracking the Mycoplasma pattern,"Author-set from the CDC EPIC studies (Jain 2015, NEJM, adults and children)"
2017,lower,bper,Bordetella pertussis,1.2,1.03,1.0,1.2360,98.4967,1.26,304400,376238,1.2 x 1.03 = 1.236,"NNDSS pertussis cases / 18,386 (2015-19 mean); 2024 ~35,400, 2025 28,783; 2026 assumed","Author-set from the CDC EPIC studies (Jain 2015, NEJM, adults and children)"
2017,lower,leg,Legionella spp.,0.6,0.97,1.0,0.5820,98.4967,0.59,304400,177161,0.6 x 0.97 = 0.582,NNDSS legionellosis cases (approximate) / 2015-19 mean,"Author-set from the CDC EPIC studies (Jain 2015, NEJM, adults and children)"
2017,lower,sau,Staphylococcus aureus,2.2,1.0,1.0,2.2000,98.4967,2.23,304400,669680,2.2 x 1.00 = 2.200,"Author estimate: typical-year 1.0, with a 2020-21 pandemic dip","Author-set from the CDC EPIC studies (Jain 2015, NEJM, adults and children)"
2017,lower,gnb,Gram-negative bacilli,2.0,1.0,1.0,2.0000,98.4967,2.03,304400,608800,2 x 1.00 = 2.000,"Author estimate: typical-year 1.0, with a 2020-21 pandemic dip","Author-set from the CDC EPIC studies (Jain 2015, NEJM, adults and children)"
2017,lower,fnec,Fusobacterium necrophorum,0.02,1.0,1.0,0.0200,98.4967,0.02,304400,6088,0.02 x 1.00 = 0.020,"Author estimate: typical-year 1.0, with a 2020-21 pandemic dip","Author-set from the CDC EPIC studies (Jain 2015, NEJM, adults and children)"
2017,lower,gcs,Group C/G streptococci,0.05,1.0,1.0,0.0500,98.4967,0.05,304400,15220,0.05 x 1.00 = 0.050,"Author estimate: typical-year 1.0, with a 2020-21 pandemic dip","Author-set from the CDC EPIC studies (Jain 2015, NEJM, adults and children)"
2017,lower,mtb,Mycobacterium tuberculosis,0.15,0.99,1.0,0.1485,98.4967,0.15,304400,45203,0.15 x 0.99 = 0.148,"NTSS TB cases / 9,173 (2015-19 mean); 2025 = 10,260","Author-set from the CDC EPIC studies (Jain 2015, NEJM, adults and children)"
2017,lower,cocci,Coccidioides spp.,0.5,1.03,1.0,0.5150,98.4967,0.52,304400,156766,0.5 x 1.03 = 0.515,NNDSS coccidioidomycosis cases (approximate) / 2015-19 mean,"Author-set from the CDC EPIC studies (Jain 2015, NEJM, adults and children)"
2017,lower,histo,Histoplasma capsulatum,0.25,1.0,1.0,0.2500,98.4967,0.26,304400,76100,0.25 x 1.00 = 0.250,Author estimate (flat),"Author-set from the CDC EPIC studies (Jain 2015, NEJM, adults and children)"
2017,lower,pjp,Pneumocystis jirovecii,0.12,1.0,1.0,0.1200,98.4967,0.12,304400,36528,0.12 x 1.00 = 0.120,Author estimate: slow decline with HIV treatment,"Author-set from the CDC EPIC studies (Jain 2015, NEJM, adults and children)"
2017,lower,asp,Aspergillus spp.,0.12,1.0,1.0,0.1200,98.4967,0.12,304400,36528,0.12 x 1.00 = 0.120,Author estimate: COVID-associated aspergillosis 2020-22,"Author-set from the CDC EPIC studies (Jain 2015, NEJM, adults and children)"
2017,lower,blasto,Blastomyces spp.,0.03,1.0,1.0,0.0300,98.4967,0.03,304400,9132,0.03 x 1.00 = 0.030,Author estimate: 2023 Michigan outbreak,"Author-set from the CDC EPIC studies (Jain 2015, NEJM, adults and children)"
2017,lower,mucor,Mucorales,0.01,1.0,1.0,0.0100,98.4967,0.01,304400,3044,0.01 x 1.00 = 0.010,Author estimate (flat),"Author-set from the CDC EPIC studies (Jain 2015, NEJM, adults and children)"
2017,lower,proto,Protozoa,0.003,1.0,1.0,0.0030,98.4967,0.00,304400,913,0.003 x 1.00 = 0.003,Author estimate (flat),"Author-set from the CDC EPIC studies (Jain 2015, NEJM, adults and children)"
2018,lower,rhino,Rhinovirus / enterovirus,19.0,1.05,1.0,19.9500,101.3371,19.69,304400,6072780,19 x 1.05 = 19.950,"CDC NREVSS national trend, read by the author (not an exact ratio); EV-D68 years 2018/2022/2024 raised","Author-set from the CDC EPIC studies (Jain 2015, NEJM, adults and children)"
2018,lower,fluA,Influenza A,10.669,1.1363,,12.1222,101.3371,11.96,304400,3690000,10.67 x (24.60M / 21.65M) = 12.122,"CDC flu burden by season, apportioned to calendar years; A/B split from FluView",
2018,lower,fluB,Influenza B,4.331,1.4334,,6.2089,101.3371,6.13,304400,1890000,4.33 x (12.60M / 8.79M) = 6.209,"CDC flu burden by season, apportioned to calendar years; A/B split from FluView",
2018,lower,sars2,SARS-CoV-2,,,,0.0000,101.3371,0.00,304400,0,0.0M x (15 / 30.44M) x 1.00 LRTI factor = 0.000,"CDC COVID-19 burden estimates and JAMA Intern Med 2026, apportioned to calendar years",
2018,lower,rsv,RSV,15.0,1.0,1.0,15.0000,101.3371,14.80,304400,4566000,15 x 1.00 = 15.000,"CDC NREVSS national trend, read by the author (not an exact ratio); 2021 off-season and 2022 early surges","Author-set from the CDC EPIC studies (Jain 2015, NEJM, adults and children)"
2018,lower,hmpv,Human metapneumovirus,7.0,1.05,1.0,7.3500,101.3371,7.25,304400,2237340,7 x 1.05 = 7.350,"CDC NREVSS national trend, read by the author (not an exact ratio); large 2023 spring season","Author-set from the CDC EPIC studies (Jain 2015, NEJM, adults and children)"
2018,lower,piv,Parainfluenza viruses,5.5,0.95,1.0,5.2250,101.3371,5.16,304400,1590490,5.5 x 0.95 = 5.225,"CDC NREVSS national trend, read by the author (not an exact ratio)","Author-set from the CDC EPIC studies (Jain 2015, NEJM, adults and children)"
2018,lower,adeno,Adenovirus,4.5,1.0,1.0,4.5000,101.3371,4.44,304400,1369800,4.5 x 1.00 = 4.500,"CDC NREVSS national trend, read by the author (not an exact ratio)","Author-set from the CDC EPIC studies (Jain 2015, NEJM, adults and children)"
2018,lower,hcov,Seasonal coronaviruses,4.5,0.95,1.0,4.2750,101.3371,4.22,304400,1301310,4.5 x 0.95 = 4.275,"CDC NREVSS national trend, read by the author (not an exact ratio)","Author-set from the CDC EPIC studies (Jain 2015, NEJM, adults and children)"
2018,lower,spn,Streptococcus pneumoniae,8.5,0.98,1.0,8.3300,101.3371,8.22,304400,2535652,8.5 x 0.98 = 8.330,Author estimate from CDC ABCs pneumococcal trends; PCV15/20/21 slow decline,"Author-set from the CDC EPIC studies (Jain 2015, NEJM, adults and children)"
2018,lower,gas,Streptococcus pyogenes,0.4,1.03,1.0,0.4120,101.3371,0.41,304400,125413,0.4 x 1.03 = 0.412,Author estimate from CDC ABCs group A strep trends; 2022-23 surge,"Author-set from the CDC EPIC studies (Jain 2015, NEJM, adults and children)"
2018,lower,hflu,Haemophilus influenzae,3.0,1.0,1.0,3.0000,101.3371,2.96,304400,913200,3 x 1.00 = 3.000,"Author estimate: typical-year 1.0, with a 2020-21 pandemic dip","Author-set from the CDC EPIC studies (Jain 2015, NEJM, adults and children)"
2018,lower,mcat,Moraxella catarrhalis,1.2,1.0,1.0,1.2000,101.3371,1.18,304400,365280,1.2 x 1.00 = 1.200,"Author estimate: typical-year 1.0, with a 2020-21 pandemic dip","Author-set from the CDC EPIC studies (Jain 2015, NEJM, adults and children)"
2018,lower,mpn,Mycoplasma pneumoniae,5.0,1.0,1.0,5.0000,101.3371,4.93,304400,1522000,5 x 1.00 = 5.000,"Author estimate; 2024 = 2.6 from MMWR 2025 (pediatric CAP 12.5 vs 2.1 per 1,000)","Author-set from the CDC EPIC studies (Jain 2015, NEJM, adults and children)"
2018,lower,cpn,Chlamydia pneumoniae,1.5,1.0,1.0,1.5000,101.3371,1.48,304400,456600,1.5 x 1.00 = 1.500,Author estimate tracking the Mycoplasma pattern,"Author-set from the CDC EPIC studies (Jain 2015, NEJM, adults and children)"
2018,lower,bper,Bordetella pertussis,1.2,0.85,1.0,1.0200,101.3371,1.01,304400,310488,1.2 x 0.85 = 1.020,"NNDSS pertussis cases / 18,386 (2015-19 mean); 2024 ~35,400, 2025 28,783; 2026 assumed","Author-set from the CDC EPIC studies (Jain 2015, NEJM, adults and children)"
2018,lower,leg,Legionella spp.,0.6,1.25,1.0,0.7500,101.3371,0.74,304400,228300,0.6 x 1.25 = 0.750,NNDSS legionellosis cases (approximate) / 2015-19 mean,"Author-set from the CDC EPIC studies (Jain 2015, NEJM, adults and children)"
2018,lower,sau,Staphylococcus aureus,2.2,1.0,1.0,2.2000,101.3371,2.17,304400,669680,2.2 x 1.00 = 2.200,"Author estimate: typical-year 1.0, with a 2020-21 pandemic dip","Author-set from the CDC EPIC studies (Jain 2015, NEJM, adults and children)"
2018,lower,gnb,Gram-negative bacilli,2.0,1.0,1.0,2.0000,101.3371,1.97,304400,608800,2 x 1.00 = 2.000,"Author estimate: typical-year 1.0, with a 2020-21 pandemic dip","Author-set from the CDC EPIC studies (Jain 2015, NEJM, adults and children)"
2018,lower,fnec,Fusobacterium necrophorum,0.02,1.0,1.0,0.0200,101.3371,0.02,304400,6088,0.02 x 1.00 = 0.020,"Author estimate: typical-year 1.0, with a 2020-21 pandemic dip","Author-set from the CDC EPIC studies (Jain 2015, NEJM, adults and children)"
2018,lower,gcs,Group C/G streptococci,0.05,1.0,1.0,0.0500,101.3371,0.05,304400,15220,0.05 x 1.00 = 0.050,"Author estimate: typical-year 1.0, with a 2020-21 pandemic dip","Author-set from the CDC EPIC studies (Jain 2015, NEJM, adults and children)"
2018,lower,mtb,Mycobacterium tuberculosis,0.15,0.98,1.0,0.1470,101.3371,0.15,304400,44747,0.15 x 0.98 = 0.147,"NTSS TB cases / 9,173 (2015-19 mean); 2025 = 10,260","Author-set from the CDC EPIC studies (Jain 2015, NEJM, adults and children)"
2018,lower,cocci,Coccidioides spp.,0.5,1.1,1.0,0.5500,101.3371,0.54,304400,167420,0.5 x 1.10 = 0.550,NNDSS coccidioidomycosis cases (approximate) / 2015-19 mean,"Author-set from the CDC EPIC studies (Jain 2015, NEJM, adults and children)"
2018,lower,histo,Histoplasma capsulatum,0.25,1.0,1.0,0.2500,101.3371,0.25,304400,76100,0.25 x 1.00 = 0.250,Author estimate (flat),"Author-set from the CDC EPIC studies (Jain 2015, NEJM, adults and children)"
2018,lower,pjp,Pneumocystis jirovecii,0.12,0.95,1.0,0.1140,101.3371,0.11,304400,34702,0.12 x 0.95 = 0.114,Author estimate: slow decline with HIV treatment,"Author-set from the CDC EPIC studies (Jain 2015, NEJM, adults and children)"
2018,lower,asp,Aspergillus spp.,0.12,1.0,1.0,0.1200,101.3371,0.12,304400,36528,0.12 x 1.00 = 0.120,Author estimate: COVID-associated aspergillosis 2020-22,"Author-set from the CDC EPIC studies (Jain 2015, NEJM, adults and children)"
2018,lower,blasto,Blastomyces spp.,0.03,1.0,1.0,0.0300,101.3371,0.03,304400,9132,0.03 x 1.00 = 0.030,Author estimate: 2023 Michigan outbreak,"Author-set from the CDC EPIC studies (Jain 2015, NEJM, adults and children)"
2018,lower,mucor,Mucorales,0.01,1.0,1.0,0.0100,101.3371,0.01,304400,3044,0.01 x 1.00 = 0.010,Author estimate (flat),"Author-set from the CDC EPIC studies (Jain 2015, NEJM, adults and children)"
2018,lower,proto,Protozoa,0.003,1.0,1.0,0.0030,101.3371,0.00,304400,913,0.003 x 1.00 = 0.003,Author estimate (flat),"Author-set from the CDC EPIC studies (Jain 2015, NEJM, adults and children)"
2019,lower,rhino,Rhinovirus / enterovirus,19.0,1.0,1.0,19.0000,101.6623,18.69,304400,5783600,19 x 1.00 = 19.000,"CDC NREVSS national trend, read by the author (not an exact ratio); EV-D68 years 2018/2022/2024 raised","Author-set from the CDC EPIC studies (Jain 2015, NEJM, adults and children)"
2019,lower,fluA,Influenza A,10.669,1.2887,,13.7484,101.6623,13.52,304400,4185000,10.67 x (27.90M / 21.65M) = 13.748,"CDC flu burden by season, apportioned to calendar years; A/B split from FluView",
2019,lower,fluB,Influenza B,4.331,1.0694,,4.6321,101.6623,4.56,304400,1410000,4.33 x (9.40M / 8.79M) = 4.632,"CDC flu burden by season, apportioned to calendar years; A/B split from FluView",
2019,lower,sars2,SARS-CoV-2,,,,0.0000,101.6623,0.00,304400,0,0.0M x (15 / 30.44M) x 1.00 LRTI factor = 0.000,"CDC COVID-19 burden estimates and JAMA Intern Med 2026, apportioned to calendar years",
2019,lower,rsv,RSV,15.0,1.05,1.0,15.7500,101.6623,15.49,304400,4794300,15 x 1.05 = 15.750,"CDC NREVSS national trend, read by the author (not an exact ratio); 2021 off-season and 2022 early surges","Author-set from the CDC EPIC studies (Jain 2015, NEJM, adults and children)"
2019,lower,hmpv,Human metapneumovirus,7.0,1.0,1.0,7.0000,101.6623,6.89,304400,2130800,7 x 1.00 = 7.000,"CDC NREVSS national trend, read by the author (not an exact ratio); large 2023 spring season","Author-set from the CDC EPIC studies (Jain 2015, NEJM, adults and children)"
2019,lower,piv,Parainfluenza viruses,5.5,1.0,1.0,5.5000,101.6623,5.41,304400,1674200,5.5 x 1.00 = 5.500,"CDC NREVSS national trend, read by the author (not an exact ratio)","Author-set from the CDC EPIC studies (Jain 2015, NEJM, adults and children)"
2019,lower,adeno,Adenovirus,4.5,1.0,1.0,4.5000,101.6623,4.43,304400,1369800,4.5 x 1.00 = 4.500,"CDC NREVSS national trend, read by the author (not an exact ratio)","Author-set from the CDC EPIC studies (Jain 2015, NEJM, adults and children)"
2019,lower,hcov,Seasonal coronaviruses,4.5,1.05,1.0,4.7250,101.6623,4.65,304400,1438290,4.5 x 1.05 = 4.725,"CDC NREVSS national trend, read by the author (not an exact ratio)","Author-set from the CDC EPIC studies (Jain 2015, NEJM, adults and children)"
2019,lower,spn,Streptococcus pneumoniae,8.5,0.96,1.0,8.1600,101.6623,8.03,304400,2483904,8.5 x 0.96 = 8.160,Author estimate from CDC ABCs pneumococcal trends; PCV15/20/21 slow decline,"Author-set from the CDC EPIC studies (Jain 2015, NEJM, adults and children)"
2019,lower,gas,Streptococcus pyogenes,0.4,1.05,1.0,0.4200,101.6623,0.41,304400,127848,0.4 x 1.05 = 0.420,Author estimate from CDC ABCs group A strep trends; 2022-23 surge,"Author-set from the CDC EPIC studies (Jain 2015, NEJM, adults and children)"
2019,lower,hflu,Haemophilus influenzae,3.0,1.0,1.0,3.0000,101.6623,2.95,304400,913200,3 x 1.00 = 3.000,"Author estimate: typical-year 1.0, with a 2020-21 pandemic dip","Author-set from the CDC EPIC studies (Jain 2015, NEJM, adults and children)"
2019,lower,mcat,Moraxella catarrhalis,1.2,1.0,1.0,1.2000,101.6623,1.18,304400,365280,1.2 x 1.00 = 1.200,"Author estimate: typical-year 1.0, with a 2020-21 pandemic dip","Author-set from the CDC EPIC studies (Jain 2015, NEJM, adults and children)"
2019,lower,mpn,Mycoplasma pneumoniae,5.0,1.0,1.0,5.0000,101.6623,4.92,304400,1522000,5 x 1.00 = 5.000,"Author estimate; 2024 = 2.6 from MMWR 2025 (pediatric CAP 12.5 vs 2.1 per 1,000)","Author-set from the CDC EPIC studies (Jain 2015, NEJM, adults and children)"
2019,lower,cpn,Chlamydia pneumoniae,1.5,1.0,1.0,1.5000,101.6623,1.47,304400,456600,1.5 x 1.00 = 1.500,Author estimate tracking the Mycoplasma pattern,"Author-set from the CDC EPIC studies (Jain 2015, NEJM, adults and children)"
2019,lower,bper,Bordetella pertussis,1.2,1.01,1.0,1.2120,101.6623,1.19,304400,368933,1.2 x 1.01 = 1.212,"NNDSS pertussis cases / 18,386 (2015-19 mean); 2024 ~35,400, 2025 28,783; 2026 assumed","Author-set from the CDC EPIC studies (Jain 2015, NEJM, adults and children)"
2019,lower,leg,Legionella spp.,0.6,1.21,1.0,0.7260,101.6623,0.71,304400,220994,0.6 x 1.21 = 0.726,NNDSS legionellosis cases (approximate) / 2015-19 mean,"Author-set from the CDC EPIC studies (Jain 2015, NEJM, adults and children)"
2019,lower,sau,Staphylococcus aureus,2.2,1.0,1.0,2.2000,101.6623,2.16,304400,669680,2.2 x 1.00 = 2.200,"Author estimate: typical-year 1.0, with a 2020-21 pandemic dip","Author-set from the CDC EPIC studies (Jain 2015, NEJM, adults and children)"
2019,lower,gnb,Gram-negative bacilli,2.0,1.0,1.0,2.0000,101.6623,1.97,304400,608800,2 x 1.00 = 2.000,"Author estimate: typical-year 1.0, with a 2020-21 pandemic dip","Author-set from the CDC EPIC studies (Jain 2015, NEJM, adults and children)"
2019,lower,fnec,Fusobacterium necrophorum,0.02,1.0,1.0,0.0200,101.6623,0.02,304400,6088,0.02 x 1.00 = 0.020,"Author estimate: typical-year 1.0, with a 2020-21 pandemic dip","Author-set from the CDC EPIC studies (Jain 2015, NEJM, adults and children)"
2019,lower,gcs,Group C/G streptococci,0.05,1.0,1.0,0.0500,101.6623,0.05,304400,15220,0.05 x 1.00 = 0.050,"Author estimate: typical-year 1.0, with a 2020-21 pandemic dip","Author-set from the CDC EPIC studies (Jain 2015, NEJM, adults and children)"
2019,lower,mtb,Mycobacterium tuberculosis,0.15,0.97,1.0,0.1455,101.6623,0.14,304400,44290,0.15 x 0.97 = 0.145,"NTSS TB cases / 9,173 (2015-19 mean); 2025 = 10,260","Author-set from the CDC EPIC studies (Jain 2015, NEJM, adults and children)"
2019,lower,cocci,Coccidioides spp.,0.5,1.3,1.0,0.6500,101.6623,0.64,304400,197860,0.5 x 1.30 = 0.650,NNDSS coccidioidomycosis cases (approximate) / 2015-19 mean,"Author-set from the CDC EPIC studies (Jain 2015, NEJM, adults and children)"
2019,lower,histo,Histoplasma capsulatum,0.25,1.0,1.0,0.2500,101.6623,0.25,304400,76100,0.25 x 1.00 = 0.250,Author estimate (flat),"Author-set from the CDC EPIC studies (Jain 2015, NEJM, adults and children)"
2019,lower,pjp,Pneumocystis jirovecii,0.12,0.92,1.0,0.1104,101.6623,0.11,304400,33606,0.12 x 0.92 = 0.110,Author estimate: slow decline with HIV treatment,"Author-set from the CDC EPIC studies (Jain 2015, NEJM, adults and children)"
2019,lower,asp,Aspergillus spp.,0.12,1.0,1.0,0.1200,101.6623,0.12,304400,36528,0.12 x 1.00 = 0.120,Author estimate: COVID-associated aspergillosis 2020-22,"Author-set from the CDC EPIC studies (Jain 2015, NEJM, adults and children)"
2019,lower,blasto,Blastomyces spp.,0.03,1.0,1.0,0.0300,101.6623,0.03,304400,9132,0.03 x 1.00 = 0.030,Author estimate: 2023 Michigan outbreak,"Author-set from the CDC EPIC studies (Jain 2015, NEJM, adults and children)"
2019,lower,mucor,Mucorales,0.01,1.0,1.0,0.0100,101.6623,0.01,304400,3044,0.01 x 1.00 = 0.010,Author estimate (flat),"Author-set from the CDC EPIC studies (Jain 2015, NEJM, adults and children)"
2019,lower,proto,Protozoa,0.003,1.0,1.0,0.0030,101.6623,0.00,304400,913,0.003 x 1.00 = 0.003,Author estimate (flat),"Author-set from the CDC EPIC studies (Jain 2015, NEJM, adults and children)"
2020,lower,rhino,Rhinovirus / enterovirus,19.0,0.8,1.0,15.2000,116.5951,13.04,304400,4626880,19 x 0.80 = 15.200,"CDC NREVSS national trend, read by the author (not an exact ratio); EV-D68 years 2018/2022/2024 raised","Author-set from the CDC EPIC studies (Jain 2015, NEJM, adults and children)"
2020,lower,fluA,Influenza A,10.669,0.7621,,8.1307,116.5951,6.97,304400,2475000,10.67 x (16.50M / 21.65M) = 8.131,"CDC flu burden by season, apportioned to calendar years; A/B split from FluView",
2020,lower,fluB,Influenza B,4.331,0.7964,,3.4494,116.5951,2.96,304400,1050000,4.33 x (7.00M / 8.79M) = 3.449,"CDC flu burden by season, apportioned to calendar years; A/B split from FluView",
2020,lower,sars2,SARS-CoV-2,,,,55.4369,116.5951,47.55,304400,16875000,75.0M x (15 / 30.44M) x 1.50 LRTI factor = 55.437,"CDC COVID-19 burden estimates and JAMA Intern Med 2026, apportioned to calendar years",
2020,lower,rsv,RSV,15.0,0.45,1.0,6.7500,116.5951,5.79,304400,2054700,15 x 0.45 = 6.750,"CDC NREVSS national trend, read by the author (not an exact ratio); 2021 off-season and 2022 early surges","Author-set from the CDC EPIC studies (Jain 2015, NEJM, adults and children)"
2020,lower,hmpv,Human metapneumovirus,7.0,0.65,1.0,4.5500,116.5951,3.90,304400,1385020,7 x 0.65 = 4.550,"CDC NREVSS national trend, read by the author (not an exact ratio); large 2023 spring season","Author-set from the CDC EPIC studies (Jain 2015, NEJM, adults and children)"
2020,lower,piv,Parainfluenza viruses,5.5,0.35,1.0,1.9250,116.5951,1.65,304400,585970,5.5 x 0.35 = 1.925,"CDC NREVSS national trend, read by the author (not an exact ratio)","Author-set from the CDC EPIC studies (Jain 2015, NEJM, adults and children)"
2020,lower,adeno,Adenovirus,4.5,0.5,1.0,2.2500,116.5951,1.93,304400,684900,4.5 x 0.50 = 2.250,"CDC NREVSS national trend, read by the author (not an exact ratio)","Author-set from the CDC EPIC studies (Jain 2015, NEJM, adults and children)"
2020,lower,hcov,Seasonal coronaviruses,4.5,0.5,1.0,2.2500,116.5951,1.93,304400,684900,4.5 x 0.50 = 2.250,"CDC NREVSS national trend, read by the author (not an exact ratio)","Author-set from the CDC EPIC studies (Jain 2015, NEJM, adults and children)"
2020,lower,spn,Streptococcus pneumoniae,8.5,0.6,1.0,5.1000,116.5951,4.37,304400,1552440,8.5 x 0.60 = 5.100,Author estimate from CDC ABCs pneumococcal trends; PCV15/20/21 slow decline,"Author-set from the CDC EPIC studies (Jain 2015, NEJM, adults and children)"
2020,lower,gas,Streptococcus pyogenes,0.4,0.55,1.0,0.2200,116.5951,0.19,304400,66968,0.4 x 0.55 = 0.220,Author estimate from CDC ABCs group A strep trends; 2022-23 surge,"Author-set from the CDC EPIC studies (Jain 2015, NEJM, adults and children)"
2020,lower,hflu,Haemophilus influenzae,3.0,0.6,1.0,1.8000,116.5951,1.54,304400,547920,3 x 0.60 = 1.800,"Author estimate: typical-year 1.0, with a 2020-21 pandemic dip","Author-set from the CDC EPIC studies (Jain 2015, NEJM, adults and children)"
2020,lower,mcat,Moraxella catarrhalis,1.2,0.6,1.0,0.7200,116.5951,0.62,304400,219168,1.2 x 0.60 = 0.720,"Author estimate: typical-year 1.0, with a 2020-21 pandemic dip","Author-set from the CDC EPIC studies (Jain 2015, NEJM, adults and children)"
2020,lower,mpn,Mycoplasma pneumoniae,5.0,0.35,1.0,1.7500,116.5951,1.50,304400,532700,5 x 0.35 = 1.750,"Author estimate; 2024 = 2.6 from MMWR 2025 (pediatric CAP 12.5 vs 2.1 per 1,000)","Author-set from the CDC EPIC studies (Jain 2015, NEJM, adults and children)"
2020,lower,cpn,Chlamydia pneumoniae,1.5,0.5,1.0,0.7500,116.5951,0.64,304400,228300,1.5 x 0.50 = 0.750,Author estimate tracking the Mycoplasma pattern,"Author-set from the CDC EPIC studies (Jain 2015, NEJM, adults and children)"
2020,lower,bper,Bordetella pertussis,1.2,0.33,1.0,0.3960,116.5951,0.34,304400,120542,1.2 x 0.33 = 0.396,"NNDSS pertussis cases / 18,386 (2015-19 mean); 2024 ~35,400, 2025 28,783; 2026 assumed","Author-set from the CDC EPIC studies (Jain 2015, NEJM, adults and children)"
2020,lower,leg,Legionella spp.,0.6,1.0,1.0,0.6000,116.5951,0.52,304400,182640,0.6 x 1.00 = 0.600,NNDSS legionellosis cases (approximate) / 2015-19 mean,"Author-set from the CDC EPIC studies (Jain 2015, NEJM, adults and children)"
2020,lower,sau,Staphylococcus aureus,2.2,0.85,1.0,1.8700,116.5951,1.60,304400,569228,2.2 x 0.85 = 1.870,"Author estimate: typical-year 1.0, with a 2020-21 pandemic dip","Author-set from the CDC EPIC studies (Jain 2015, NEJM, adults and children)"
2020,lower,gnb,Gram-negative bacilli,2.0,1.05,1.0,2.1000,116.5951,1.80,304400,639240,2 x 1.05 = 2.100,"Author estimate: typical-year 1.0, with a 2020-21 pandemic dip","Author-set from the CDC EPIC studies (Jain 2015, NEJM, adults and children)"
2020,lower,fnec,Fusobacterium necrophorum,0.02,0.6,1.0,0.0120,116.5951,0.01,304400,3653,0.02 x 0.60 = 0.012,"Author estimate: typical-year 1.0, with a 2020-21 pandemic dip","Author-set from the CDC EPIC studies (Jain 2015, NEJM, adults and children)"
2020,lower,gcs,Group C/G streptococci,0.05,0.6,1.0,0.0300,116.5951,0.03,304400,9132,0.05 x 0.60 = 0.030,"Author estimate: typical-year 1.0, with a 2020-21 pandemic dip","Author-set from the CDC EPIC studies (Jain 2015, NEJM, adults and children)"
2020,lower,mtb,Mycobacterium tuberculosis,0.15,0.78,1.0,0.1170,116.5951,0.10,304400,35615,0.15 x 0.78 = 0.117,"NTSS TB cases / 9,173 (2015-19 mean); 2025 = 10,260","Author-set from the CDC EPIC studies (Jain 2015, NEJM, adults and children)"
2020,lower,cocci,Coccidioides spp.,0.5,1.3,1.0,0.6500,116.5951,0.56,304400,197860,0.5 x 1.30 = 0.650,NNDSS coccidioidomycosis cases (approximate) / 2015-19 mean,"Author-set from the CDC EPIC studies (Jain 2015, NEJM, adults and children)"
2020,lower,histo,Histoplasma capsulatum,0.25,0.9,1.0,0.2250,116.5951,0.19,304400,68490,0.25 x 0.90 = 0.225,Author estimate (flat),"Author-set from the CDC EPIC studies (Jain 2015, NEJM, adults and children)"
2020,lower,pjp,Pneumocystis jirovecii,0.12,0.95,1.0,0.1140,116.5951,0.10,304400,34702,0.12 x 0.95 = 0.114,Author estimate: slow decline with HIV treatment,"Author-set from the CDC EPIC studies (Jain 2015, NEJM, adults and children)"
2020,lower,asp,Aspergillus spp.,0.12,1.3,1.0,0.1560,116.5951,0.13,304400,47486,0.12 x 1.30 = 0.156,Author estimate: COVID-associated aspergillosis 2020-22,"Author-set from the CDC EPIC studies (Jain 2015, NEJM, adults and children)"
2020,lower,blasto,Blastomyces spp.,0.03,1.0,1.0,0.0300,116.5951,0.03,304400,9132,0.03 x 1.00 = 0.030,Author estimate: 2023 Michigan outbreak,"Author-set from the CDC EPIC studies (Jain 2015, NEJM, adults and children)"
2020,lower,mucor,Mucorales,0.01,1.0,1.0,0.0100,116.5951,0.01,304400,3044,0.01 x 1.00 = 0.010,Author estimate (flat),"Author-set from the CDC EPIC studies (Jain 2015, NEJM, adults and children)"
2020,lower,proto,Protozoa,0.003,1.0,1.0,0.0030,116.5951,0.00,304400,913,0.003 x 1.00 = 0.003,Author estimate (flat),"Author-set from the CDC EPIC studies (Jain 2015, NEJM, adults and children)"
2021,lower,rhino,Rhinovirus / enterovirus,19.0,1.05,1.0,19.9500,123.5684,16.15,304400,6072780,19 x 1.05 = 19.950,"CDC NREVSS national trend, read by the author (not an exact ratio); EV-D68 years 2018/2022/2024 raised","Author-set from the CDC EPIC studies (Jain 2015, NEJM, adults and children)"
2021,lower,fluA,Influenza A,10.669,0.1755,,1.8725,123.5684,1.52,304400,570000,10.67 x (3.80M / 21.65M) = 1.873,"CDC flu burden by season, apportioned to calendar years; A/B split from FluView",
2021,lower,fluB,Influenza B,4.331,0.0114,,0.0493,123.5684,0.04,304400,15000,4.33 x (0.10M / 8.79M) = 0.049,"CDC flu burden by season, apportioned to calendar years; A/B split from FluView",
2021,lower,sars2,SARS-CoV-2,,,,55.1905,123.5684,44.66,304400,16800000,80.0M x (15 / 30.44M) x 1.40 LRTI factor = 55.191,"CDC COVID-19 burden estimates and JAMA Intern Med 2026, apportioned to calendar years",
2021,lower,rsv,RSV,15.0,1.05,1.0,15.7500,123.5684,12.75,304400,4794300,15 x 1.05 = 15.750,"CDC NREVSS national trend, read by the author (not an exact ratio); 2021 off-season and 2022 early surges","Author-set from the CDC EPIC studies (Jain 2015, NEJM, adults and children)"
2021,lower,hmpv,Human metapneumovirus,7.0,0.45,1.0,3.1500,123.5684,2.55,304400,958860,7 x 0.45 = 3.150,"CDC NREVSS national trend, read by the author (not an exact ratio); large 2023 spring season","Author-set from the CDC EPIC studies (Jain 2015, NEJM, adults and children)"
2021,lower,piv,Parainfluenza viruses,5.5,1.05,1.0,5.7750,123.5684,4.67,304400,1757910,5.5 x 1.05 = 5.775,"CDC NREVSS national trend, read by the author (not an exact ratio)","Author-set from the CDC EPIC studies (Jain 2015, NEJM, adults and children)"
2021,lower,adeno,Adenovirus,4.5,0.8,1.0,3.6000,123.5684,2.91,304400,1095840,4.5 x 0.80 = 3.600,"CDC NREVSS national trend, read by the author (not an exact ratio)","Author-set from the CDC EPIC studies (Jain 2015, NEJM, adults and children)"
2021,lower,hcov,Seasonal coronaviruses,4.5,0.4,1.0,1.8000,123.5684,1.46,304400,547920,4.5 x 0.40 = 1.800,"CDC NREVSS national trend, read by the author (not an exact ratio)","Author-set from the CDC EPIC studies (Jain 2015, NEJM, adults and children)"
2021,lower,spn,Streptococcus pneumoniae,8.5,0.7,1.0,5.9500,123.5684,4.82,304400,1811180,8.5 x 0.70 = 5.950,Author estimate from CDC ABCs pneumococcal trends; PCV15/20/21 slow decline,"Author-set from the CDC EPIC studies (Jain 2015, NEJM, adults and children)"
2021,lower,gas,Streptococcus pyogenes,0.4,0.55,1.0,0.2200,123.5684,0.18,304400,66968,0.4 x 0.55 = 0.220,Author estimate from CDC ABCs group A strep trends; 2022-23 surge,"Author-set from the CDC EPIC studies (Jain 2015, NEJM, adults and children)"
2021,lower,hflu,Haemophilus influenzae,3.0,0.7,1.0,2.1000,123.5684,1.70,304400,639240,3 x 0.70 = 2.100,"Author estimate: typical-year 1.0, with a 2020-21 pandemic dip","Author-set from the CDC EPIC studies (Jain 2015, NEJM, adults and children)"
2021,lower,mcat,Moraxella catarrhalis,1.2,0.7,1.0,0.8400,123.5684,0.68,304400,255696,1.2 x 0.70 = 0.840,"Author estimate: typical-year 1.0, with a 2020-21 pandemic dip","Author-set from the CDC EPIC studies (Jain 2015, NEJM, adults and children)"
2021,lower,mpn,Mycoplasma pneumoniae,5.0,0.1,1.0,0.5000,123.5684,0.40,304400,152200,5 x 0.10 = 0.500,"Author estimate; 2024 = 2.6 from MMWR 2025 (pediatric CAP 12.5 vs 2.1 per 1,000)","Author-set from the CDC EPIC studies (Jain 2015, NEJM, adults and children)"
2021,lower,cpn,Chlamydia pneumoniae,1.5,0.35,1.0,0.5250,123.5684,0.43,304400,159810,1.5 x 0.35 = 0.525,Author estimate tracking the Mycoplasma pattern,"Author-set from the CDC EPIC studies (Jain 2015, NEJM, adults and children)"
2021,lower,bper,Bordetella pertussis,1.2,0.12,1.0,0.1440,123.5684,0.12,304400,43834,1.2 x 0.12 = 0.144,"NNDSS pertussis cases / 18,386 (2015-19 mean); 2024 ~35,400, 2025 28,783; 2026 assumed","Author-set from the CDC EPIC studies (Jain 2015, NEJM, adults and children)"
2021,lower,leg,Legionella spp.,0.6,1.05,1.0,0.6300,123.5684,0.51,304400,191772,0.6 x 1.05 = 0.630,NNDSS legionellosis cases (approximate) / 2015-19 mean,"Author-set from the CDC EPIC studies (Jain 2015, NEJM, adults and children)"
2021,lower,sau,Staphylococcus aureus,2.2,0.9,1.0,1.9800,123.5684,1.60,304400,602712,2.2 x 0.90 = 1.980,"Author estimate: typical-year 1.0, with a 2020-21 pandemic dip","Author-set from the CDC EPIC studies (Jain 2015, NEJM, adults and children)"
2021,lower,gnb,Gram-negative bacilli,2.0,1.05,1.0,2.1000,123.5684,1.70,304400,639240,2 x 1.05 = 2.100,"Author estimate: typical-year 1.0, with a 2020-21 pandemic dip","Author-set from the CDC EPIC studies (Jain 2015, NEJM, adults and children)"
2021,lower,fnec,Fusobacterium necrophorum,0.02,0.6,1.0,0.0120,123.5684,0.01,304400,3653,0.02 x 0.60 = 0.012,"Author estimate: typical-year 1.0, with a 2020-21 pandemic dip","Author-set from the CDC EPIC studies (Jain 2015, NEJM, adults and children)"
2021,lower,gcs,Group C/G streptococci,0.05,0.6,1.0,0.0300,123.5684,0.02,304400,9132,0.05 x 0.60 = 0.030,"Author estimate: typical-year 1.0, with a 2020-21 pandemic dip","Author-set from the CDC EPIC studies (Jain 2015, NEJM, adults and children)"
2021,lower,mtb,Mycobacterium tuberculosis,0.15,0.86,1.0,0.1290,123.5684,0.10,304400,39268,0.15 x 0.86 = 0.129,"NTSS TB cases / 9,173 (2015-19 mean); 2025 = 10,260","Author-set from the CDC EPIC studies (Jain 2015, NEJM, adults and children)"
2021,lower,cocci,Coccidioides spp.,0.5,1.4,1.0,0.7000,123.5684,0.57,304400,213080,0.5 x 1.40 = 0.700,NNDSS coccidioidomycosis cases (approximate) / 2015-19 mean,"Author-set from the CDC EPIC studies (Jain 2015, NEJM, adults and children)"
2021,lower,histo,Histoplasma capsulatum,0.25,1.0,1.0,0.2500,123.5684,0.20,304400,76100,0.25 x 1.00 = 0.250,Author estimate (flat),"Author-set from the CDC EPIC studies (Jain 2015, NEJM, adults and children)"
2021,lower,pjp,Pneumocystis jirovecii,0.12,0.95,1.0,0.1140,123.5684,0.09,304400,34702,0.12 x 0.95 = 0.114,Author estimate: slow decline with HIV treatment,"Author-set from the CDC EPIC studies (Jain 2015, NEJM, adults and children)"
2021,lower,asp,Aspergillus spp.,0.12,1.35,1.0,0.1620,123.5684,0.13,304400,49313,0.12 x 1.35 = 0.162,Author estimate: COVID-associated aspergillosis 2020-22,"Author-set from the CDC EPIC studies (Jain 2015, NEJM, adults and children)"
2021,lower,blasto,Blastomyces spp.,0.03,1.0,1.0,0.0300,123.5684,0.02,304400,9132,0.03 x 1.00 = 0.030,Author estimate: 2023 Michigan outbreak,"Author-set from the CDC EPIC studies (Jain 2015, NEJM, adults and children)"
2021,lower,mucor,Mucorales,0.01,1.2,1.0,0.0120,123.5684,0.01,304400,3653,0.01 x 1.20 = 0.012,Author estimate (flat),"Author-set from the CDC EPIC studies (Jain 2015, NEJM, adults and children)"
2021,lower,proto,Protozoa,0.003,1.0,1.0,0.0030,123.5684,0.00,304400,913,0.003 x 1.00 = 0.003,Author estimate (flat),"Author-set from the CDC EPIC studies (Jain 2015, NEJM, adults and children)"
2022,lower,rhino,Rhinovirus / enterovirus,19.0,1.1,1.0,20.9000,153.4049,13.62,304400,6361960,19 x 1.10 = 20.900,"CDC NREVSS national trend, read by the author (not an exact ratio); EV-D68 years 2018/2022/2024 raised","Author-set from the CDC EPIC studies (Jain 2015, NEJM, adults and children)"
2022,lower,fluA,Influenza A,10.669,1.3718,,14.6353,153.4049,9.54,304400,4455000,10.67 x (29.70M / 21.65M) = 14.635,"CDC flu burden by season, apportioned to calendar years; A/B split from FluView",
2022,lower,fluB,Influenza B,4.331,0.0626,,0.2710,153.4049,0.18,304400,82500,4.33 x (0.55M / 8.79M) = 0.271,"CDC flu burden by season, apportioned to calendar years; A/B split from FluView",
2022,lower,sars2,SARS-CoV-2,,,,54.2050,153.4049,35.34,304400,16500000,100.0M x (15 / 30.44M) x 1.10 LRTI factor = 54.205,"CDC COVID-19 burden estimates and JAMA Intern Med 2026, apportioned to calendar years",
2022,lower,rsv,RSV,15.0,1.5,1.0,22.5000,153.4049,14.67,304400,6849000,15 x 1.50 = 22.500,"CDC NREVSS national trend, read by the author (not an exact ratio); 2021 off-season and 2022 early surges","Author-set from the CDC EPIC studies (Jain 2015, NEJM, adults and children)"
2022,lower,hmpv,Human metapneumovirus,7.0,0.85,1.0,5.9500,153.4049,3.88,304400,1811180,7 x 0.85 = 5.950,"CDC NREVSS national trend, read by the author (not an exact ratio); large 2023 spring season","Author-set from the CDC EPIC studies (Jain 2015, NEJM, adults and children)"
2022,lower,piv,Parainfluenza viruses,5.5,1.0,1.0,5.5000,153.4049,3.59,304400,1674200,5.5 x 1.00 = 5.500,"CDC NREVSS national trend, read by the author (not an exact ratio)","Author-set from the CDC EPIC studies (Jain 2015, NEJM, adults and children)"
2022,lower,adeno,Adenovirus,4.5,1.1,1.0,4.9500,153.4049,3.23,304400,1506780,4.5 x 1.10 = 4.950,"CDC NREVSS national trend, read by the author (not an exact ratio)","Author-set from the CDC EPIC studies (Jain 2015, NEJM, adults and children)"
2022,lower,hcov,Seasonal coronaviruses,4.5,0.95,1.0,4.2750,153.4049,2.79,304400,1301310,4.5 x 0.95 = 4.275,"CDC NREVSS national trend, read by the author (not an exact ratio)","Author-set from the CDC EPIC studies (Jain 2015, NEJM, adults and children)"
2022,lower,spn,Streptococcus pneumoniae,8.5,0.95,1.0,8.0750,153.4049,5.26,304400,2458030,8.5 x 0.95 = 8.075,Author estimate from CDC ABCs pneumococcal trends; PCV15/20/21 slow decline,"Author-set from the CDC EPIC studies (Jain 2015, NEJM, adults and children)"
2022,lower,gas,Streptococcus pyogenes,0.4,1.2,1.0,0.4800,153.4049,0.31,304400,146112,0.4 x 1.20 = 0.480,Author estimate from CDC ABCs group A strep trends; 2022-23 surge,"Author-set from the CDC EPIC studies (Jain 2015, NEJM, adults and children)"
2022,lower,hflu,Haemophilus influenzae,3.0,0.95,1.0,2.8500,153.4049,1.86,304400,867540,3 x 0.95 = 2.850,"Author estimate: typical-year 1.0, with a 2020-21 pandemic dip","Author-set from the CDC EPIC studies (Jain 2015, NEJM, adults and children)"
2022,lower,mcat,Moraxella catarrhalis,1.2,0.95,1.0,1.1400,153.4049,0.74,304400,347016,1.2 x 0.95 = 1.140,"Author estimate: typical-year 1.0, with a 2020-21 pandemic dip","Author-set from the CDC EPIC studies (Jain 2015, NEJM, adults and children)"
2022,lower,mpn,Mycoplasma pneumoniae,5.0,0.1,1.0,0.5000,153.4049,0.33,304400,152200,5 x 0.10 = 0.500,"Author estimate; 2024 = 2.6 from MMWR 2025 (pediatric CAP 12.5 vs 2.1 per 1,000)","Author-set from the CDC EPIC studies (Jain 2015, NEJM, adults and children)"
2022,lower,cpn,Chlamydia pneumoniae,1.5,0.5,1.0,0.7500,153.4049,0.49,304400,228300,1.5 x 0.50 = 0.750,Author estimate tracking the Mycoplasma pattern,"Author-set from the CDC EPIC studies (Jain 2015, NEJM, adults and children)"
2022,lower,bper,Bordetella pertussis,1.2,0.17,1.0,0.2040,153.4049,0.13,304400,62098,1.2 x 0.17 = 0.204,"NNDSS pertussis cases / 18,386 (2015-19 mean); 2024 ~35,400, 2025 28,783; 2026 assumed","Author-set from the CDC EPIC studies (Jain 2015, NEJM, adults and children)"
2022,lower,leg,Legionella spp.,0.6,1.05,1.0,0.6300,153.4049,0.41,304400,191772,0.6 x 1.05 = 0.630,NNDSS legionellosis cases (approximate) / 2015-19 mean,"Author-set from the CDC EPIC studies (Jain 2015, NEJM, adults and children)"
2022,lower,sau,Staphylococcus aureus,2.2,1.0,1.0,2.2000,153.4049,1.43,304400,669680,2.2 x 1.00 = 2.200,"Author estimate: typical-year 1.0, with a 2020-21 pandemic dip","Author-set from the CDC EPIC studies (Jain 2015, NEJM, adults and children)"
2022,lower,gnb,Gram-negative bacilli,2.0,1.0,1.0,2.0000,153.4049,1.30,304400,608800,2 x 1.00 = 2.000,"Author estimate: typical-year 1.0, with a 2020-21 pandemic dip","Author-set from the CDC EPIC studies (Jain 2015, NEJM, adults and children)"
2022,lower,fnec,Fusobacterium necrophorum,0.02,1.0,1.0,0.0200,153.4049,0.01,304400,6088,0.02 x 1.00 = 0.020,"Author estimate: typical-year 1.0, with a 2020-21 pandemic dip","Author-set from the CDC EPIC studies (Jain 2015, NEJM, adults and children)"
2022,lower,gcs,Group C/G streptococci,0.05,1.0,1.0,0.0500,153.4049,0.03,304400,15220,0.05 x 1.00 = 0.050,"Author estimate: typical-year 1.0, with a 2020-21 pandemic dip","Author-set from the CDC EPIC studies (Jain 2015, NEJM, adults and children)"
2022,lower,mtb,Mycobacterium tuberculosis,0.15,0.91,1.0,0.1365,153.4049,0.09,304400,41551,0.15 x 0.91 = 0.137,"NTSS TB cases / 9,173 (2015-19 mean); 2025 = 10,260","Author-set from the CDC EPIC studies (Jain 2015, NEJM, adults and children)"
2022,lower,cocci,Coccidioides spp.,0.5,1.3,1.0,0.6500,153.4049,0.42,304400,197860,0.5 x 1.30 = 0.650,NNDSS coccidioidomycosis cases (approximate) / 2015-19 mean,"Author-set from the CDC EPIC studies (Jain 2015, NEJM, adults and children)"
2022,lower,histo,Histoplasma capsulatum,0.25,1.0,1.0,0.2500,153.4049,0.16,304400,76100,0.25 x 1.00 = 0.250,Author estimate (flat),"Author-set from the CDC EPIC studies (Jain 2015, NEJM, adults and children)"
2022,lower,pjp,Pneumocystis jirovecii,0.12,0.9,1.0,0.1080,153.4049,0.07,304400,32875,0.12 x 0.90 = 0.108,Author estimate: slow decline with HIV treatment,"Author-set from the CDC EPIC studies (Jain 2015, NEJM, adults and children)"
2022,lower,asp,Aspergillus spp.,0.12,1.1,1.0,0.1320,153.4049,0.09,304400,40181,0.12 x 1.10 = 0.132,Author estimate: COVID-associated aspergillosis 2020-22,"Author-set from the CDC EPIC studies (Jain 2015, NEJM, adults and children)"
2022,lower,blasto,Blastomyces spp.,0.03,1.0,1.0,0.0300,153.4049,0.02,304400,9132,0.03 x 1.00 = 0.030,Author estimate: 2023 Michigan outbreak,"Author-set from the CDC EPIC studies (Jain 2015, NEJM, adults and children)"
2022,lower,mucor,Mucorales,0.01,1.0,1.0,0.0100,153.4049,0.01,304400,3044,0.01 x 1.00 = 0.010,Author estimate (flat),"Author-set from the CDC EPIC studies (Jain 2015, NEJM, adults and children)"
2022,lower,proto,Protozoa,0.003,1.0,1.0,0.0030,153.4049,0.00,304400,913,0.003 x 1.00 = 0.003,Author estimate (flat),"Author-set from the CDC EPIC studies (Jain 2015, NEJM, adults and children)"
2023,lower,rhino,Rhinovirus / enterovirus,19.0,1.0,1.0,19.0000,108.8723,17.45,304400,5783600,19 x 1.00 = 19.000,"CDC NREVSS national trend, read by the author (not an exact ratio); EV-D68 years 2018/2022/2024 raised","Author-set from the CDC EPIC studies (Jain 2015, NEJM, adults and children)"
2023,lower,fluA,Influenza A,10.669,0.9284,,9.9047,108.8723,9.10,304400,3015000,10.67 x (20.10M / 21.65M) = 9.905,"CDC flu burden by season, apportioned to calendar years; A/B split from FluView",
2023,lower,fluB,Influenza B,4.331,0.2389,,1.0348,108.8723,0.95,304400,315000,4.33 x (2.10M / 8.79M) = 1.035,"CDC flu burden by season, apportioned to calendar years; A/B split from FluView",
2023,lower,sars2,SARS-CoV-2,,,,18.3681,108.8723,16.87,304400,5591250,35.5M x (15 / 30.44M) x 1.05 LRTI factor = 18.368,"CDC COVID-19 burden estimates and JAMA Intern Med 2026, apportioned to calendar years",
2023,lower,rsv,RSV,15.0,0.85,1.0,12.7500,108.8723,11.71,304400,3881100,15 x 0.85 = 12.750,"CDC NREVSS national trend, read by the author (not an exact ratio); 2021 off-season and 2022 early surges","Author-set from the CDC EPIC studies (Jain 2015, NEJM, adults and children)"
2023,lower,hmpv,Human metapneumovirus,7.0,1.35,1.0,9.4500,108.8723,8.68,304400,2876580,7 x 1.35 = 9.450,"CDC NREVSS national trend, read by the author (not an exact ratio); large 2023 spring season","Author-set from the CDC EPIC studies (Jain 2015, NEJM, adults and children)"
2023,lower,piv,Parainfluenza viruses,5.5,1.0,1.0,5.5000,108.8723,5.05,304400,1674200,5.5 x 1.00 = 5.500,"CDC NREVSS national trend, read by the author (not an exact ratio)","Author-set from the CDC EPIC studies (Jain 2015, NEJM, adults and children)"
2023,lower,adeno,Adenovirus,4.5,1.0,1.0,4.5000,108.8723,4.13,304400,1369800,4.5 x 1.00 = 4.500,"CDC NREVSS national trend, read by the author (not an exact ratio)","Author-set from the CDC EPIC studies (Jain 2015, NEJM, adults and children)"
2023,lower,hcov,Seasonal coronaviruses,4.5,1.0,1.0,4.5000,108.8723,4.13,304400,1369800,4.5 x 1.00 = 4.500,"CDC NREVSS national trend, read by the author (not an exact ratio)","Author-set from the CDC EPIC studies (Jain 2015, NEJM, adults and children)"
2023,lower,spn,Streptococcus pneumoniae,8.5,1.0,1.0,8.5000,108.8723,7.81,304400,2587400,8.5 x 1.00 = 8.500,Author estimate from CDC ABCs pneumococcal trends; PCV15/20/21 slow decline,"Author-set from the CDC EPIC studies (Jain 2015, NEJM, adults and children)"
2023,lower,gas,Streptococcus pyogenes,0.4,1.3,1.0,0.5200,108.8723,0.48,304400,158288,0.4 x 1.30 = 0.520,Author estimate from CDC ABCs group A strep trends; 2022-23 surge,"Author-set from the CDC EPIC studies (Jain 2015, NEJM, adults and children)"
2023,lower,hflu,Haemophilus influenzae,3.0,1.0,1.0,3.0000,108.8723,2.76,304400,913200,3 x 1.00 = 3.000,"Author estimate: typical-year 1.0, with a 2020-21 pandemic dip","Author-set from the CDC EPIC studies (Jain 2015, NEJM, adults and children)"
2023,lower,mcat,Moraxella catarrhalis,1.2,1.0,1.0,1.2000,108.8723,1.10,304400,365280,1.2 x 1.00 = 1.200,"Author estimate: typical-year 1.0, with a 2020-21 pandemic dip","Author-set from the CDC EPIC studies (Jain 2015, NEJM, adults and children)"
2023,lower,mpn,Mycoplasma pneumoniae,5.0,0.5,1.0,2.5000,108.8723,2.30,304400,761000,5 x 0.50 = 2.500,"Author estimate; 2024 = 2.6 from MMWR 2025 (pediatric CAP 12.5 vs 2.1 per 1,000)","Author-set from the CDC EPIC studies (Jain 2015, NEJM, adults and children)"
2023,lower,cpn,Chlamydia pneumoniae,1.5,0.85,1.0,1.2750,108.8723,1.17,304400,388110,1.5 x 0.85 = 1.275,Author estimate tracking the Mycoplasma pattern,"Author-set from the CDC EPIC studies (Jain 2015, NEJM, adults and children)"
2023,lower,bper,Bordetella pertussis,1.2,0.38,1.0,0.4560,108.8723,0.42,304400,138806,1.2 x 0.38 = 0.456,"NNDSS pertussis cases / 18,386 (2015-19 mean); 2024 ~35,400, 2025 28,783; 2026 assumed","Author-set from the CDC EPIC studies (Jain 2015, NEJM, adults and children)"
2023,lower,leg,Legionella spp.,0.6,1.1,1.0,0.6600,108.8723,0.61,304400,200904,0.6 x 1.10 = 0.660,NNDSS legionellosis cases (approximate) / 2015-19 mean,"Author-set from the CDC EPIC studies (Jain 2015, NEJM, adults and children)"
2023,lower,sau,Staphylococcus aureus,2.2,1.0,1.0,2.2000,108.8723,2.02,304400,669680,2.2 x 1.00 = 2.200,"Author estimate: typical-year 1.0, with a 2020-21 pandemic dip","Author-set from the CDC EPIC studies (Jain 2015, NEJM, adults and children)"
2023,lower,gnb,Gram-negative bacilli,2.0,1.0,1.0,2.0000,108.8723,1.84,304400,608800,2 x 1.00 = 2.000,"Author estimate: typical-year 1.0, with a 2020-21 pandemic dip","Author-set from the CDC EPIC studies (Jain 2015, NEJM, adults and children)"
2023,lower,fnec,Fusobacterium necrophorum,0.02,1.0,1.0,0.0200,108.8723,0.02,304400,6088,0.02 x 1.00 = 0.020,"Author estimate: typical-year 1.0, with a 2020-21 pandemic dip","Author-set from the CDC EPIC studies (Jain 2015, NEJM, adults and children)"
2023,lower,gcs,Group C/G streptococci,0.05,1.0,1.0,0.0500,108.8723,0.05,304400,15220,0.05 x 1.00 = 0.050,"Author estimate: typical-year 1.0, with a 2020-21 pandemic dip","Author-set from the CDC EPIC studies (Jain 2015, NEJM, adults and children)"
2023,lower,mtb,Mycobacterium tuberculosis,0.15,1.05,1.0,0.1575,108.8723,0.14,304400,47943,0.15 x 1.05 = 0.158,"NTSS TB cases / 9,173 (2015-19 mean); 2025 = 10,260","Author-set from the CDC EPIC studies (Jain 2015, NEJM, adults and children)"
2023,lower,cocci,Coccidioides spp.,0.5,1.6,1.0,0.8000,108.8723,0.73,304400,243520,0.5 x 1.60 = 0.800,NNDSS coccidioidomycosis cases (approximate) / 2015-19 mean,"Author-set from the CDC EPIC studies (Jain 2015, NEJM, adults and children)"
2023,lower,histo,Histoplasma capsulatum,0.25,1.0,1.0,0.2500,108.8723,0.23,304400,76100,0.25 x 1.00 = 0.250,Author estimate (flat),"Author-set from the CDC EPIC studies (Jain 2015, NEJM, adults and children)"
2023,lower,pjp,Pneumocystis jirovecii,0.12,0.88,1.0,0.1056,108.8723,0.10,304400,32145,0.12 x 0.88 = 0.106,Author estimate: slow decline with HIV treatment,"Author-set from the CDC EPIC studies (Jain 2015, NEJM, adults and children)"
2023,lower,asp,Aspergillus spp.,0.12,1.0,1.0,0.1200,108.8723,0.11,304400,36528,0.12 x 1.00 = 0.120,Author estimate: COVID-associated aspergillosis 2020-22,"Author-set from the CDC EPIC studies (Jain 2015, NEJM, adults and children)"
2023,lower,blasto,Blastomyces spp.,0.03,1.25,1.0,0.0375,108.8723,0.03,304400,11415,0.03 x 1.25 = 0.037,Author estimate: 2023 Michigan outbreak,"Author-set from the CDC EPIC studies (Jain 2015, NEJM, adults and children)"
2023,lower,mucor,Mucorales,0.01,1.0,1.0,0.0100,108.8723,0.01,304400,3044,0.01 x 1.00 = 0.010,Author estimate (flat),"Author-set from the CDC EPIC studies (Jain 2015, NEJM, adults and children)"
2023,lower,proto,Protozoa,0.003,1.0,1.0,0.0030,108.8723,0.00,304400,913,0.003 x 1.00 = 0.003,Author estimate (flat),"Author-set from the CDC EPIC studies (Jain 2015, NEJM, adults and children)"
2024,lower,rhino,Rhinovirus / enterovirus,19.0,1.05,1.0,19.9500,121.3679,16.44,304400,6072780,19 x 1.05 = 19.950,"CDC NREVSS national trend, read by the author (not an exact ratio); EV-D68 years 2018/2022/2024 raised","Author-set from the CDC EPIC studies (Jain 2015, NEJM, adults and children)"
2024,lower,fluA,Influenza A,10.669,1.351,,14.4136,121.3679,11.88,304400,4387500,10.67 x (29.25M / 21.65M) = 14.414,"CDC flu burden by season, apportioned to calendar years; A/B split from FluView",
2024,lower,fluB,Influenza B,4.331,0.7224,,3.1291,121.3679,2.58,304400,952500,4.33 x (6.35M / 8.79M) = 3.129,"CDC flu burden by season, apportioned to calendar years; A/B split from FluView",
2024,lower,sars2,SARS-CoV-2,,,,13.0585,121.3679,10.76,304400,3975000,26.5M x (15 / 30.44M) x 1.00 LRTI factor = 13.058,"CDC COVID-19 burden estimates and JAMA Intern Med 2026, apportioned to calendar years",
2024,lower,rsv,RSV,15.0,0.95,0.9,12.8250,121.3679,10.57,304400,3903930,15 x 0.95 x 0.90 immunization = 12.825,"CDC NREVSS national trend, read by the author (not an exact ratio); 2021 off-season and 2022 early surges","Author-set from the CDC EPIC studies (Jain 2015, NEJM, adults and children)"
2024,lower,hmpv,Human metapneumovirus,7.0,1.0,1.0,7.0000,121.3679,5.77,304400,2130800,7 x 1.00 = 7.000,"CDC NREVSS national trend, read by the author (not an exact ratio); large 2023 spring season","Author-set from the CDC EPIC studies (Jain 2015, NEJM, adults and children)"
2024,lower,piv,Parainfluenza viruses,5.5,1.0,1.0,5.5000,121.3679,4.53,304400,1674200,5.5 x 1.00 = 5.500,"CDC NREVSS national trend, read by the author (not an exact ratio)","Author-set from the CDC EPIC studies (Jain 2015, NEJM, adults and children)"
2024,lower,adeno,Adenovirus,4.5,1.0,1.0,4.5000,121.3679,3.71,304400,1369800,4.5 x 1.00 = 4.500,"CDC NREVSS national trend, read by the author (not an exact ratio)","Author-set from the CDC EPIC studies (Jain 2015, NEJM, adults and children)"
2024,lower,hcov,Seasonal coronaviruses,4.5,1.05,1.0,4.7250,121.3679,3.89,304400,1438290,4.5 x 1.05 = 4.725,"CDC NREVSS national trend, read by the author (not an exact ratio)","Author-set from the CDC EPIC studies (Jain 2015, NEJM, adults and children)"
2024,lower,spn,Streptococcus pneumoniae,8.5,0.97,1.0,8.2450,121.3679,6.79,304400,2509778,8.5 x 0.97 = 8.245,Author estimate from CDC ABCs pneumococcal trends; PCV15/20/21 slow decline,"Author-set from the CDC EPIC studies (Jain 2015, NEJM, adults and children)"
2024,lower,gas,Streptococcus pyogenes,0.4,1.1,1.0,0.4400,121.3679,0.36,304400,133936,0.4 x 1.10 = 0.440,Author estimate from CDC ABCs group A strep trends; 2022-23 surge,"Author-set from the CDC EPIC studies (Jain 2015, NEJM, adults and children)"
2024,lower,hflu,Haemophilus influenzae,3.0,1.0,1.0,3.0000,121.3679,2.47,304400,913200,3 x 1.00 = 3.000,"Author estimate: typical-year 1.0, with a 2020-21 pandemic dip","Author-set from the CDC EPIC studies (Jain 2015, NEJM, adults and children)"
2024,lower,mcat,Moraxella catarrhalis,1.2,1.0,1.0,1.2000,121.3679,0.99,304400,365280,1.2 x 1.00 = 1.200,"Author estimate: typical-year 1.0, with a 2020-21 pandemic dip","Author-set from the CDC EPIC studies (Jain 2015, NEJM, adults and children)"
2024,lower,mpn,Mycoplasma pneumoniae,5.0,2.6,1.0,13.0000,121.3679,10.71,304400,3957200,5 x 2.60 = 13.000,"Author estimate; 2024 = 2.6 from MMWR 2025 (pediatric CAP 12.5 vs 2.1 per 1,000)","Author-set from the CDC EPIC studies (Jain 2015, NEJM, adults and children)"
2024,lower,cpn,Chlamydia pneumoniae,1.5,1.0,1.0,1.5000,121.3679,1.24,304400,456600,1.5 x 1.00 = 1.500,Author estimate tracking the Mycoplasma pattern,"Author-set from the CDC EPIC studies (Jain 2015, NEJM, adults and children)"
2024,lower,bper,Bordetella pertussis,1.2,1.93,1.0,2.3160,121.3679,1.91,304400,704990,1.2 x 1.93 = 2.316,"NNDSS pertussis cases / 18,386 (2015-19 mean); 2024 ~35,400, 2025 28,783; 2026 assumed","Author-set from the CDC EPIC studies (Jain 2015, NEJM, adults and children)"
2024,lower,leg,Legionella spp.,0.6,1.1,1.0,0.6600,121.3679,0.54,304400,200904,0.6 x 1.10 = 0.660,NNDSS legionellosis cases (approximate) / 2015-19 mean,"Author-set from the CDC EPIC studies (Jain 2015, NEJM, adults and children)"
2024,lower,sau,Staphylococcus aureus,2.2,1.0,1.0,2.2000,121.3679,1.81,304400,669680,2.2 x 1.00 = 2.200,"Author estimate: typical-year 1.0, with a 2020-21 pandemic dip","Author-set from the CDC EPIC studies (Jain 2015, NEJM, adults and children)"
2024,lower,gnb,Gram-negative bacilli,2.0,1.0,1.0,2.0000,121.3679,1.65,304400,608800,2 x 1.00 = 2.000,"Author estimate: typical-year 1.0, with a 2020-21 pandemic dip","Author-set from the CDC EPIC studies (Jain 2015, NEJM, adults and children)"
2024,lower,fnec,Fusobacterium necrophorum,0.02,1.0,1.0,0.0200,121.3679,0.02,304400,6088,0.02 x 1.00 = 0.020,"Author estimate: typical-year 1.0, with a 2020-21 pandemic dip","Author-set from the CDC EPIC studies (Jain 2015, NEJM, adults and children)"
2024,lower,gcs,Group C/G streptococci,0.05,1.0,1.0,0.0500,121.3679,0.04,304400,15220,0.05 x 1.00 = 0.050,"Author estimate: typical-year 1.0, with a 2020-21 pandemic dip","Author-set from the CDC EPIC studies (Jain 2015, NEJM, adults and children)"
2024,lower,mtb,Mycobacterium tuberculosis,0.15,1.13,1.0,0.1695,121.3679,0.14,304400,51596,0.15 x 1.13 = 0.169,"NTSS TB cases / 9,173 (2015-19 mean); 2025 = 10,260","Author-set from the CDC EPIC studies (Jain 2015, NEJM, adults and children)"
2024,lower,cocci,Coccidioides spp.,0.5,1.9,1.0,0.9500,121.3679,0.78,304400,289180,0.5 x 1.90 = 0.950,NNDSS coccidioidomycosis cases (approximate) / 2015-19 mean,"Author-set from the CDC EPIC studies (Jain 2015, NEJM, adults and children)"
2024,lower,histo,Histoplasma capsulatum,0.25,1.0,1.0,0.2500,121.3679,0.21,304400,76100,0.25 x 1.00 = 0.250,Author estimate (flat),"Author-set from the CDC EPIC studies (Jain 2015, NEJM, adults and children)"
2024,lower,pjp,Pneumocystis jirovecii,0.12,0.86,1.0,0.1032,121.3679,0.08,304400,31414,0.12 x 0.86 = 0.103,Author estimate: slow decline with HIV treatment,"Author-set from the CDC EPIC studies (Jain 2015, NEJM, adults and children)"
2024,lower,asp,Aspergillus spp.,0.12,1.0,1.0,0.1200,121.3679,0.10,304400,36528,0.12 x 1.00 = 0.120,Author estimate: COVID-associated aspergillosis 2020-22,"Author-set from the CDC EPIC studies (Jain 2015, NEJM, adults and children)"
2024,lower,blasto,Blastomyces spp.,0.03,1.0,1.0,0.0300,121.3679,0.02,304400,9132,0.03 x 1.00 = 0.030,Author estimate: 2023 Michigan outbreak,"Author-set from the CDC EPIC studies (Jain 2015, NEJM, adults and children)"
2024,lower,mucor,Mucorales,0.01,1.0,1.0,0.0100,121.3679,0.01,304400,3044,0.01 x 1.00 = 0.010,Author estimate (flat),"Author-set from the CDC EPIC studies (Jain 2015, NEJM, adults and children)"
2024,lower,proto,Protozoa,0.003,1.0,1.0,0.0030,121.3679,0.00,304400,913,0.003 x 1.00 = 0.003,Author estimate (flat),"Author-set from the CDC EPIC studies (Jain 2015, NEJM, adults and children)"
2025,lower,rhino,Rhinovirus / enterovirus,19.0,1.0,1.0,19.0000,121.4307,15.65,304400,5783600,19 x 1.00 = 19.000,"CDC NREVSS national trend, read by the author (not an exact ratio); EV-D68 years 2018/2022/2024 raised","Author-set from the CDC EPIC studies (Jain 2015, NEJM, adults and children)"
2025,lower,fluA,Influenza A,10.669,2.7898,,29.7635,121.4307,24.51,304400,9060000,10.67 x (60.40M / 21.65M) = 29.763,"CDC flu burden by season, apportioned to calendar years; A/B split from FluView",
2025,lower,fluB,Influenza B,4.331,0.3185,,1.3798,121.4307,1.14,304400,420000,4.33 x (2.80M / 8.79M) = 1.380,"CDC flu burden by season, apportioned to calendar years; A/B split from FluView",
2025,lower,sars2,SARS-CoV-2,,,,7.6380,121.4307,6.29,304400,2325000,15.5M x (15 / 30.44M) x 1.00 LRTI factor = 7.638,"CDC COVID-19 burden estimates and JAMA Intern Med 2026, apportioned to calendar years",
2025,lower,rsv,RSV,15.0,0.95,0.85,12.1125,121.4307,9.97,304400,3687045,15 x 0.95 x 0.85 immunization = 12.112,"CDC NREVSS national trend, read by the author (not an exact ratio); 2021 off-season and 2022 early surges","Author-set from the CDC EPIC studies (Jain 2015, NEJM, adults and children)"
2025,lower,hmpv,Human metapneumovirus,7.0,1.15,1.0,8.0500,121.4307,6.63,304400,2450420,7 x 1.15 = 8.050,"CDC NREVSS national trend, read by the author (not an exact ratio); large 2023 spring season","Author-set from the CDC EPIC studies (Jain 2015, NEJM, adults and children)"
2025,lower,piv,Parainfluenza viruses,5.5,1.0,1.0,5.5000,121.4307,4.53,304400,1674200,5.5 x 1.00 = 5.500,"CDC NREVSS national trend, read by the author (not an exact ratio)","Author-set from the CDC EPIC studies (Jain 2015, NEJM, adults and children)"
2025,lower,adeno,Adenovirus,4.5,1.0,1.0,4.5000,121.4307,3.71,304400,1369800,4.5 x 1.00 = 4.500,"CDC NREVSS national trend, read by the author (not an exact ratio)","Author-set from the CDC EPIC studies (Jain 2015, NEJM, adults and children)"
2025,lower,hcov,Seasonal coronaviruses,4.5,1.0,1.0,4.5000,121.4307,3.70,304400,1369800,4.5 x 1.00 = 4.500,"CDC NREVSS national trend, read by the author (not an exact ratio)","Author-set from the CDC EPIC studies (Jain 2015, NEJM, adults and children)"
2025,lower,spn,Streptococcus pneumoniae,8.5,0.94,1.0,7.9900,121.4307,6.58,304400,2432156,8.5 x 0.94 = 7.990,Author estimate from CDC ABCs pneumococcal trends; PCV15/20/21 slow decline,"Author-set from the CDC EPIC studies (Jain 2015, NEJM, adults and children)"
2025,lower,gas,Streptococcus pyogenes,0.4,1.05,1.0,0.4200,121.4307,0.35,304400,127848,0.4 x 1.05 = 0.420,Author estimate from CDC ABCs group A strep trends; 2022-23 surge,"Author-set from the CDC EPIC studies (Jain 2015, NEJM, adults and children)"
2025,lower,hflu,Haemophilus influenzae,3.0,1.0,1.0,3.0000,121.4307,2.47,304400,913200,3 x 1.00 = 3.000,"Author estimate: typical-year 1.0, with a 2020-21 pandemic dip","Author-set from the CDC EPIC studies (Jain 2015, NEJM, adults and children)"
2025,lower,mcat,Moraxella catarrhalis,1.2,1.0,1.0,1.2000,121.4307,0.99,304400,365280,1.2 x 1.00 = 1.200,"Author estimate: typical-year 1.0, with a 2020-21 pandemic dip","Author-set from the CDC EPIC studies (Jain 2015, NEJM, adults and children)"
2025,lower,mpn,Mycoplasma pneumoniae,5.0,1.3,1.0,6.5000,121.4307,5.35,304400,1978600,5 x 1.30 = 6.500,"Author estimate; 2024 = 2.6 from MMWR 2025 (pediatric CAP 12.5 vs 2.1 per 1,000)","Author-set from the CDC EPIC studies (Jain 2015, NEJM, adults and children)"
2025,lower,cpn,Chlamydia pneumoniae,1.5,1.0,1.0,1.5000,121.4307,1.23,304400,456600,1.5 x 1.00 = 1.500,Author estimate tracking the Mycoplasma pattern,"Author-set from the CDC EPIC studies (Jain 2015, NEJM, adults and children)"
2025,lower,bper,Bordetella pertussis,1.2,1.57,1.0,1.8840,121.4307,1.55,304400,573490,1.2 x 1.57 = 1.884,"NNDSS pertussis cases / 18,386 (2015-19 mean); 2024 ~35,400, 2025 28,783; 2026 assumed","Author-set from the CDC EPIC studies (Jain 2015, NEJM, adults and children)"
2025,lower,leg,Legionella spp.,0.6,1.15,1.0,0.6900,121.4307,0.57,304400,210036,0.6 x 1.15 = 0.690,NNDSS legionellosis cases (approximate) / 2015-19 mean,"Author-set from the CDC EPIC studies (Jain 2015, NEJM, adults and children)"
2025,lower,sau,Staphylococcus aureus,2.2,1.0,1.0,2.2000,121.4307,1.81,304400,669680,2.2 x 1.00 = 2.200,"Author estimate: typical-year 1.0, with a 2020-21 pandemic dip","Author-set from the CDC EPIC studies (Jain 2015, NEJM, adults and children)"
2025,lower,gnb,Gram-negative bacilli,2.0,1.0,1.0,2.0000,121.4307,1.65,304400,608800,2 x 1.00 = 2.000,"Author estimate: typical-year 1.0, with a 2020-21 pandemic dip","Author-set from the CDC EPIC studies (Jain 2015, NEJM, adults and children)"
2025,lower,fnec,Fusobacterium necrophorum,0.02,1.0,1.0,0.0200,121.4307,0.02,304400,6088,0.02 x 1.00 = 0.020,"Author estimate: typical-year 1.0, with a 2020-21 pandemic dip","Author-set from the CDC EPIC studies (Jain 2015, NEJM, adults and children)"
2025,lower,gcs,Group C/G streptococci,0.05,1.0,1.0,0.0500,121.4307,0.04,304400,15220,0.05 x 1.00 = 0.050,"Author estimate: typical-year 1.0, with a 2020-21 pandemic dip","Author-set from the CDC EPIC studies (Jain 2015, NEJM, adults and children)"
2025,lower,mtb,Mycobacterium tuberculosis,0.15,1.12,1.0,0.1680,121.4307,0.14,304400,51139,0.15 x 1.12 = 0.168,"NTSS TB cases / 9,173 (2015-19 mean); 2025 = 10,260","Author-set from the CDC EPIC studies (Jain 2015, NEJM, adults and children)"
2025,lower,cocci,Coccidioides spp.,0.5,1.7,1.0,0.8500,121.4307,0.70,304400,258740,0.5 x 1.70 = 0.850,NNDSS coccidioidomycosis cases (approximate) / 2015-19 mean,"Author-set from the CDC EPIC studies (Jain 2015, NEJM, adults and children)"
2025,lower,histo,Histoplasma capsulatum,0.25,1.0,1.0,0.2500,121.4307,0.21,304400,76100,0.25 x 1.00 = 0.250,Author estimate (flat),"Author-set from the CDC EPIC studies (Jain 2015, NEJM, adults and children)"
2025,lower,pjp,Pneumocystis jirovecii,0.12,0.85,1.0,0.1020,121.4307,0.08,304400,31049,0.12 x 0.85 = 0.102,Author estimate: slow decline with HIV treatment,"Author-set from the CDC EPIC studies (Jain 2015, NEJM, adults and children)"
2025,lower,asp,Aspergillus spp.,0.12,1.0,1.0,0.1200,121.4307,0.10,304400,36528,0.12 x 1.00 = 0.120,Author estimate: COVID-associated aspergillosis 2020-22,"Author-set from the CDC EPIC studies (Jain 2015, NEJM, adults and children)"
2025,lower,blasto,Blastomyces spp.,0.03,1.0,1.0,0.0300,121.4307,0.02,304400,9132,0.03 x 1.00 = 0.030,Author estimate: 2023 Michigan outbreak,"Author-set from the CDC EPIC studies (Jain 2015, NEJM, adults and children)"
2025,lower,mucor,Mucorales,0.01,1.0,1.0,0.0100,121.4307,0.01,304400,3044,0.01 x 1.00 = 0.010,Author estimate (flat),"Author-set from the CDC EPIC studies (Jain 2015, NEJM, adults and children)"
2025,lower,proto,Protozoa,0.003,1.0,1.0,0.0030,121.4307,0.00,304400,913,0.003 x 1.00 = 0.003,Author estimate (flat),"Author-set from the CDC EPIC studies (Jain 2015, NEJM, adults and children)"
2026,lower,rhino,Rhinovirus / enterovirus,19.0,0.7,1.0,13.3000,71.0856,18.71,304400,4048520,19 x 0.70 = 13.300,"CDC NREVSS national trend, read by the author (not an exact ratio); EV-D68 years 2018/2022/2024 raised","Author-set from the CDC EPIC studies (Jain 2015, NEJM, adults and children)"
2026,lower,fluA,Influenza A,10.669,0.642,,6.8495,71.0856,9.64,304400,2085000,10.67 x (13.90M / 21.65M) = 6.850,"CDC flu burden by season, apportioned to calendar years; A/B split from FluView",
2026,lower,fluB,Influenza B,4.331,1.2856,,5.5683,71.0856,7.83,304400,1695000,4.33 x (11.30M / 8.79M) = 5.568,"CDC flu burden by season, apportioned to calendar years; A/B split from FluView",
2026,lower,sars2,SARS-CoV-2,,,,4.9277,71.0856,6.93,304400,1500000,10.0M x (15 / 30.44M) x 1.00 LRTI factor = 4.928,"CDC COVID-19 burden estimates and JAMA Intern Med 2026, apportioned to calendar years",
2026,lower,rsv,RSV,15.0,0.45,0.85,5.7375,71.0856,8.07,304400,1746495,15 x 0.45 x 0.85 immunization = 5.737,"CDC NREVSS national trend, read by the author (not an exact ratio); 2021 off-season and 2022 early surges","Author-set from the CDC EPIC studies (Jain 2015, NEJM, adults and children)"
2026,lower,hmpv,Human metapneumovirus,7.0,0.85,1.0,5.9500,71.0856,8.37,304400,1811180,7 x 0.85 = 5.950,"CDC NREVSS national trend, read by the author (not an exact ratio); large 2023 spring season","Author-set from the CDC EPIC studies (Jain 2015, NEJM, adults and children)"
2026,lower,piv,Parainfluenza viruses,5.5,0.7,1.0,3.8500,71.0856,5.42,304400,1171940,5.5 x 0.70 = 3.850,"CDC NREVSS national trend, read by the author (not an exact ratio)","Author-set from the CDC EPIC studies (Jain 2015, NEJM, adults and children)"
2026,lower,adeno,Adenovirus,4.5,0.75,1.0,3.3750,71.0856,4.75,304400,1027350,4.5 x 0.75 = 3.375,"CDC NREVSS national trend, read by the author (not an exact ratio)","Author-set from the CDC EPIC studies (Jain 2015, NEJM, adults and children)"
2026,lower,hcov,Seasonal coronaviruses,4.5,0.65,1.0,2.9250,71.0856,4.12,304400,890370,4.5 x 0.65 = 2.925,"CDC NREVSS national trend, read by the author (not an exact ratio)","Author-set from the CDC EPIC studies (Jain 2015, NEJM, adults and children)"
2026,lower,spn,Streptococcus pneumoniae,8.5,0.64,1.0,5.4400,71.0856,7.65,304400,1655936,8.5 x 0.64 = 5.440,Author estimate from CDC ABCs pneumococcal trends; PCV15/20/21 slow decline,"Author-set from the CDC EPIC studies (Jain 2015, NEJM, adults and children)"
2026,lower,gas,Streptococcus pyogenes,0.4,0.75,1.0,0.3000,71.0856,0.42,304400,91320,0.4 x 0.75 = 0.300,Author estimate from CDC ABCs group A strep trends; 2022-23 surge,"Author-set from the CDC EPIC studies (Jain 2015, NEJM, adults and children)"
2026,lower,hflu,Haemophilus influenzae,3.0,0.7,1.0,2.1000,71.0856,2.96,304400,639240,3 x 0.70 = 2.100,"Author estimate: typical-year 1.0, with a 2020-21 pandemic dip","Author-set from the CDC EPIC studies (Jain 2015, NEJM, adults and children)"
2026,lower,mcat,Moraxella catarrhalis,1.2,0.7,1.0,0.8400,71.0856,1.18,304400,255696,1.2 x 0.70 = 0.840,"Author estimate: typical-year 1.0, with a 2020-21 pandemic dip","Author-set from the CDC EPIC studies (Jain 2015, NEJM, adults and children)"
2026,lower,mpn,Mycoplasma pneumoniae,5.0,0.65,1.0,3.2500,71.0856,4.57,304400,989300,5 x 0.65 = 3.250,"Author estimate; 2024 = 2.6 from MMWR 2025 (pediatric CAP 12.5 vs 2.1 per 1,000)","Author-set from the CDC EPIC studies (Jain 2015, NEJM, adults and children)"
2026,lower,cpn,Chlamydia pneumoniae,1.5,0.75,1.0,1.1250,71.0856,1.58,304400,342450,1.5 x 0.75 = 1.125,Author estimate tracking the Mycoplasma pattern,"Author-set from the CDC EPIC studies (Jain 2015, NEJM, adults and children)"
2026,lower,bper,Bordetella pertussis,1.2,0.71,1.0,0.8520,71.0856,1.20,304400,259349,1.2 x 0.71 = 0.852,"NNDSS pertussis cases / 18,386 (2015-19 mean); 2024 ~35,400, 2025 28,783; 2026 assumed","Author-set from the CDC EPIC studies (Jain 2015, NEJM, adults and children)"
2026,lower,leg,Legionella spp.,0.6,0.77,1.0,0.4620,71.0856,0.65,304400,140633,0.6 x 0.77 = 0.462,NNDSS legionellosis cases (approximate) / 2015-19 mean,"Author-set from the CDC EPIC studies (Jain 2015, NEJM, adults and children)"
2026,lower,sau,Staphylococcus aureus,2.2,0.75,1.0,1.6500,71.0856,2.32,304400,502260,2.2 x 0.75 = 1.650,"Author estimate: typical-year 1.0, with a 2020-21 pandemic dip","Author-set from the CDC EPIC studies (Jain 2015, NEJM, adults and children)"
2026,lower,gnb,Gram-negative bacilli,2.0,0.75,1.0,1.5000,71.0856,2.11,304400,456600,2 x 0.75 = 1.500,"Author estimate: typical-year 1.0, with a 2020-21 pandemic dip","Author-set from the CDC EPIC studies (Jain 2015, NEJM, adults and children)"
2026,lower,fnec,Fusobacterium necrophorum,0.02,0.75,1.0,0.0150,71.0856,0.02,304400,4566,0.02 x 0.75 = 0.015,"Author estimate: typical-year 1.0, with a 2020-21 pandemic dip","Author-set from the CDC EPIC studies (Jain 2015, NEJM, adults and children)"
2026,lower,gcs,Group C/G streptococci,0.05,0.75,1.0,0.0375,71.0856,0.05,304400,11415,0.05 x 0.75 = 0.038,"Author estimate: typical-year 1.0, with a 2020-21 pandemic dip","Author-set from the CDC EPIC studies (Jain 2015, NEJM, adults and children)"
2026,lower,mtb,Mycobacterium tuberculosis,0.15,0.83,1.0,0.1245,71.0856,0.18,304400,37898,0.15 x 0.83 = 0.124,"NTSS TB cases / 9,173 (2015-19 mean); 2025 = 10,260","Author-set from the CDC EPIC studies (Jain 2015, NEJM, adults and children)"
2026,lower,cocci,Coccidioides spp.,0.5,1.04,1.0,0.5200,71.0856,0.73,304400,158288,0.5 x 1.04 = 0.520,NNDSS coccidioidomycosis cases (approximate) / 2015-19 mean,"Author-set from the CDC EPIC studies (Jain 2015, NEJM, adults and children)"
2026,lower,histo,Histoplasma capsulatum,0.25,0.75,1.0,0.1875,71.0856,0.26,304400,57075,0.25 x 0.75 = 0.188,Author estimate (flat),"Author-set from the CDC EPIC studies (Jain 2015, NEJM, adults and children)"
2026,lower,pjp,Pneumocystis jirovecii,0.12,0.64,1.0,0.0768,71.0856,0.11,304400,23378,0.12 x 0.64 = 0.077,Author estimate: slow decline with HIV treatment,"Author-set from the CDC EPIC studies (Jain 2015, NEJM, adults and children)"
2026,lower,asp,Aspergillus spp.,0.12,0.75,1.0,0.0900,71.0856,0.13,304400,27396,0.12 x 0.75 = 0.090,Author estimate: COVID-associated aspergillosis 2020-22,"Author-set from the CDC EPIC studies (Jain 2015, NEJM, adults and children)"
2026,lower,blasto,Blastomyces spp.,0.03,0.75,1.0,0.0225,71.0856,0.03,304400,6849,0.03 x 0.75 = 0.022,Author estimate: 2023 Michigan outbreak,"Author-set from the CDC EPIC studies (Jain 2015, NEJM, adults and children)"
2026,lower,mucor,Mucorales,0.01,0.75,1.0,0.0075,71.0856,0.01,304400,2283,0.01 x 0.75 = 0.007,Author estimate (flat),"Author-set from the CDC EPIC studies (Jain 2015, NEJM, adults and children)"
2026,lower,proto,Protozoa,0.003,0.75,1.0,0.0023,71.0856,0.00,304400,685,0.003 x 0.75 = 0.002,Author estimate (flat),"Author-set from the CDC EPIC studies (Jain 2015, NEJM, adults and children)"
